[
    {
        "Year": 2023,
        "Month": 3,
        "Mday": 1,
        "BoksDEG": 11.723910000000002
    },
    {
        "Year": 2023,
        "Month": 3,
        "Mday": 2,
        "BoksDEG": 23.51343
    },
    {
        "Year": 2023,
        "Month": 3,
        "Mday": 3,
        "BoksDEG": 35.36856
    },
    {
        "Year": 2023,
        "Month": 3,
        "Mday": 4,
        "BoksDEG": 47.2893
    },
    {
        "Year": 2023,
        "Month": 3,
        "Mday": 5,
        "BoksDEG": 59.27565
    },
    {
        "Year": 2023,
        "Month": 3,
        "Mday": 6,
        "BoksDEG": 71.32760999999999
    },
    {
        "Year": 2023,
        "Month": 3,
        "Mday": 7,
        "BoksDEG": 83.44518
    },
    {
        "Year": 2023,
        "Month": 3,
        "Mday": 8,
        "BoksDEG": 95.62835999999999
    },
    {
        "Year": 2023,
        "Month": 3,
        "Mday": 9,
        "BoksDEG": 107.87714999999999
    },
    {
        "Year": 2023,
        "Month": 3,
        "Mday": 10,
        "BoksDEG": 120.19154999999999
    },
    {
        "Year": 2023,
        "Month": 3,
        "Mday": 11,
        "BoksDEG": 132.57156
    },
    {
        "Year": 2023,
        "Month": 3,
        "Mday": 12,
        "BoksDEG": 145.01718
    },
    {
        "Year": 2023,
        "Month": 3,
        "Mday": 13,
        "BoksDEG": 157.52841
    },
    {
        "Year": 2023,
        "Month": 3,
        "Mday": 14,
        "BoksDEG": 172.32841000000002
    },
    {
        "Year": 2023,
        "Month": 3,
        "Mday": 15,
        "BoksDEG": 187.22841000000003
    },
    {
        "Year": 2023,
        "Month": 3,
        "Mday": 16,
        "BoksDEG": 202.22841000000003
    },
    {
        "Year": 2023,
        "Month": 3,
        "Mday": 17,
        "BoksDEG": 217.32841000000002
    },
    {
        "Year": 2023,
        "Month": 3,
        "Mday": 18,
        "BoksDEG": 232.52841
    },
    {
        "Year": 2023,
        "Month": 3,
        "Mday": 19,
        "BoksDEG": 247.82841000000002
    },
    {
        "Year": 2023,
        "Month": 3,
        "Mday": 20,
        "BoksDEG": 263.22841
    }
]