[
    {
        "Year": 2023,
        "Month": 3,
        "Mday": 1,
        "AemoDEG": 17.1,
        "Aemo_IR": 0
    },
    {
        "Year": 2023,
        "Month": 3,
        "Mday": 2,
        "AemoDEG": 34.3,
        "Aemo_IR": 0
    },
    {
        "Year": 2023,
        "Month": 3,
        "Mday": 3,
        "AemoDEG": 51.599999999999994,
        "Aemo_IR": 0
    },
    {
        "Year": 2023,
        "Month": 3,
        "Mday": 4,
        "AemoDEG": 69.0,
        "Aemo_IR": 0
    },
    {
        "Year": 2023,
        "Month": 3,
        "Mday": 5,
        "AemoDEG": 86.5,
        "Aemo_IR": 0
    },
    {
        "Year": 2023,
        "Month": 3,
        "Mday": 6,
        "AemoDEG": 104.1,
        "Aemo_IR": 0
    },
    {
        "Year": 2023,
        "Month": 3,
        "Mday": 7,
        "AemoDEG": 121.8,
        "Aemo_IR": 0
    },
    {
        "Year": 2023,
        "Month": 3,
        "Mday": 8,
        "AemoDEG": 139.6,
        "Aemo_IR": 0
    },
    {
        "Year": 2023,
        "Month": 3,
        "Mday": 9,
        "AemoDEG": 157.5,
        "Aemo_IR": 0
    },
    {
        "Year": 2023,
        "Month": 3,
        "Mday": 10,
        "AemoDEG": 175.5,
        "Aemo_IR": 0
    },
    {
        "Year": 2023,
        "Month": 3,
        "Mday": 11,
        "AemoDEG": 193.6,
        "Aemo_IR": 0
    },
    {
        "Year": 2023,
        "Month": 3,
        "Mday": 12,
        "AemoDEG": 211.79999999999998,
        "Aemo_IR": 0
    },
    {
        "Year": 2023,
        "Month": 3,
        "Mday": 13,
        "AemoDEG": 230.1,
        "Aemo_IR": 0
    },
    {
        "Year": 2023,
        "Month": 3,
        "Mday": 14,
        "AemoDEG": 248.5,
        "Aemo_IR": 0
    },
    {
        "Year": 2023,
        "Month": 3,
        "Mday": 15,
        "AemoDEG": 267.0,
        "Aemo_IR": 0
    },
    {
        "Year": 2023,
        "Month": 3,
        "Mday": 16,
        "AemoDEG": 285.6,
        "Aemo_IR": 0
    },
    {
        "Year": 2023,
        "Month": 3,
        "Mday": 17,
        "AemoDEG": 304.3,
        "Aemo_IR": 1
    },
    {
        "Year": 2023,
        "Month": 3,
        "Mday": 18,
        "AemoDEG": 323.1,
        "Aemo_IR": 1
    },
    {
        "Year": 2023,
        "Month": 3,
        "Mday": 19,
        "AemoDEG": 342.0,
        "Aemo_IR": 1
    },
    {
        "Year": 2023,
        "Month": 3,
        "Mday": 20,
        "AemoDEG": 361.0,
        "Aemo_IR": 0
    }
]