[
    {
        "Year": 2023,
        "Month": 3,
        "Mday": 1,
        "ArchDEG": 17.1
    },
    {
        "Year": 2023,
        "Month": 3,
        "Mday": 2,
        "ArchDEG": 34.3
    },
    {
        "Year": 2023,
        "Month": 3,
        "Mday": 3,
        "ArchDEG": 51.599999999999994
    },
    {
        "Year": 2023,
        "Month": 3,
        "Mday": 4,
        "ArchDEG": 69.0
    },
    {
        "Year": 2023,
        "Month": 3,
        "Mday": 5,
        "ArchDEG": 86.5
    },
    {
        "Year": 2023,
        "Month": 3,
        "Mday": 6,
        "ArchDEG": 104.1
    },
    {
        "Year": 2023,
        "Month": 3,
        "Mday": 7,
        "ArchDEG": 121.8
    },
    {
        "Year": 2023,
        "Month": 3,
        "Mday": 8,
        "ArchDEG": 139.6
    },
    {
        "Year": 2023,
        "Month": 3,
        "Mday": 9,
        "ArchDEG": 157.5
    },
    {
        "Year": 2023,
        "Month": 3,
        "Mday": 10,
        "ArchDEG": 175.5
    },
    {
        "Year": 2023,
        "Month": 3,
        "Mday": 11,
        "ArchDEG": 193.6
    },
    {
        "Year": 2023,
        "Month": 3,
        "Mday": 12,
        "ArchDEG": 211.79999999999998
    },
    {
        "Year": 2023,
        "Month": 3,
        "Mday": 13,
        "ArchDEG": 230.1
    },
    {
        "Year": 2023,
        "Month": 3,
        "Mday": 14,
        "ArchDEG": 248.5
    },
    {
        "Year": 2023,
        "Month": 3,
        "Mday": 15,
        "ArchDEG": 267.0
    },
    {
        "Year": 2023,
        "Month": 3,
        "Mday": 16,
        "ArchDEG": 285.6
    },
    {
        "Year": 2023,
        "Month": 3,
        "Mday": 17,
        "ArchDEG": 304.3
    },
    {
        "Year": 2023,
        "Month": 3,
        "Mday": 18,
        "ArchDEG": 323.1
    },
    {
        "Year": 2023,
        "Month": 3,
        "Mday": 19,
        "ArchDEG": 342.0
    },
    {
        "Year": 2023,
        "Month": 3,
        "Mday": 20,
        "ArchDEG": 361.0
    }
]