[
    {
        "Year": 2023,
        "Month": 3,
        "Mday": 1,
        "PanoDEG": 25.1
    },
    {
        "Year": 2023,
        "Month": 3,
        "Mday": 2,
        "PanoDEG": 50.3
    },
    {
        "Year": 2023,
        "Month": 3,
        "Mday": 3,
        "PanoDEG": 75.6
    },
    {
        "Year": 2023,
        "Month": 3,
        "Mday": 4,
        "PanoDEG": 101.0
    },
    {
        "Year": 2023,
        "Month": 3,
        "Mday": 5,
        "PanoDEG": 126.5
    },
    {
        "Year": 2023,
        "Month": 3,
        "Mday": 6,
        "PanoDEG": 152.1
    },
    {
        "Year": 2023,
        "Month": 3,
        "Mday": 7,
        "PanoDEG": 177.79999999999998
    },
    {
        "Year": 2023,
        "Month": 3,
        "Mday": 8,
        "PanoDEG": 203.6
    },
    {
        "Year": 2023,
        "Month": 3,
        "Mday": 9,
        "PanoDEG": 229.5
    },
    {
        "Year": 2023,
        "Month": 3,
        "Mday": 10,
        "PanoDEG": 255.5
    },
    {
        "Year": 2023,
        "Month": 3,
        "Mday": 11,
        "PanoDEG": 281.6
    },
    {
        "Year": 2023,
        "Month": 3,
        "Mday": 12,
        "PanoDEG": 307.8
    },
    {
        "Year": 2023,
        "Month": 3,
        "Mday": 13,
        "PanoDEG": 334.1
    },
    {
        "Year": 2023,
        "Month": 3,
        "Mday": 14,
        "PanoDEG": 360.5
    },
    {
        "Year": 2023,
        "Month": 3,
        "Mday": 15,
        "PanoDEG": 387.0
    },
    {
        "Year": 2023,
        "Month": 3,
        "Mday": 16,
        "PanoDEG": 413.6
    },
    {
        "Year": 2023,
        "Month": 3,
        "Mday": 17,
        "PanoDEG": 440.3
    },
    {
        "Year": 2023,
        "Month": 3,
        "Mday": 18,
        "PanoDEG": 467.1
    },
    {
        "Year": 2023,
        "Month": 3,
        "Mday": 19,
        "PanoDEG": 494.0
    },
    {
        "Year": 2023,
        "Month": 3,
        "Mday": 20,
        "PanoDEG": 521.0
    }
]