[
    {
        "Year": 2023,
        "Month": 3,
        "Mday": 1,
        "GulnDEG": 17.1,
        "GULN_IR": 0
    },
    {
        "Year": 2023,
        "Month": 3,
        "Mday": 2,
        "GulnDEG": 34.3,
        "GULN_IR": 0
    },
    {
        "Year": 2023,
        "Month": 3,
        "Mday": 3,
        "GulnDEG": 51.599999999999994,
        "GULN_IR": 0
    },
    {
        "Year": 2023,
        "Month": 3,
        "Mday": 4,
        "GulnDEG": 69.0,
        "GULN_IR": 0
    },
    {
        "Year": 2023,
        "Month": 3,
        "Mday": 5,
        "GulnDEG": 86.5,
        "GULN_IR": 0
    },
    {
        "Year": 2023,
        "Month": 3,
        "Mday": 6,
        "GulnDEG": 104.1,
        "GULN_IR": 0
    },
    {
        "Year": 2023,
        "Month": 3,
        "Mday": 7,
        "GulnDEG": 121.8,
        "GULN_IR": 2
    },
    {
        "Year": 2023,
        "Month": 3,
        "Mday": 8,
        "GulnDEG": 139.6,
        "GULN_IR": 0
    },
    {
        "Year": 2023,
        "Month": 3,
        "Mday": 9,
        "GulnDEG": 157.5,
        "GULN_IR": 0
    },
    {
        "Year": 2023,
        "Month": 3,
        "Mday": 10,
        "GulnDEG": 175.5,
        "GULN_IR": 0
    },
    {
        "Year": 2023,
        "Month": 3,
        "Mday": 11,
        "GulnDEG": 193.6,
        "GULN_IR": 0
    },
    {
        "Year": 2023,
        "Month": 3,
        "Mday": 12,
        "GulnDEG": 211.79999999999998,
        "GULN_IR": 0
    },
    {
        "Year": 2023,
        "Month": 3,
        "Mday": 13,
        "GulnDEG": 230.1,
        "GULN_IR": 0
    },
    {
        "Year": 2023,
        "Month": 3,
        "Mday": 14,
        "GulnDEG": 248.5,
        "GULN_IR": 0
    },
    {
        "Year": 2023,
        "Month": 3,
        "Mday": 15,
        "GulnDEG": 267.0,
        "GULN_IR": 0
    },
    {
        "Year": 2023,
        "Month": 3,
        "Mday": 16,
        "GulnDEG": 285.6,
        "GULN_IR": 0
    },
    {
        "Year": 2023,
        "Month": 3,
        "Mday": 17,
        "GulnDEG": 304.3,
        "GULN_IR": 0
    },
    {
        "Year": 2023,
        "Month": 3,
        "Mday": 18,
        "GulnDEG": 323.1,
        "GULN_IR": 0
    },
    {
        "Year": 2023,
        "Month": 3,
        "Mday": 19,
        "GulnDEG": 342.0,
        "GULN_IR": 0
    },
    {
        "Year": 2023,
        "Month": 3,
        "Mday": 20,
        "GulnDEG": 361.0,
        "GULN_IR": 0
    }
]