[
    {
        "Year": 2023,
        "Month": 3,
        "Mday": 1,
        "DVS": 90.90909090909138,
        "ACCWET": 0,
        "DMTEMP": 21,
        "TEMPSUM": 0,
        "TEMPCOUNT": 0,
        "WMTEMPSUM": 0,
        "WETCOUNT": 0,
        "SPINIT": 0,
        "APP": 0
    },
    {
        "Year": 2023,
        "Month": 3,
        "Mday": 2,
        "DVS": 181.81818181818275,
        "ACCWET": 0,
        "DMTEMP": 21,
        "TEMPSUM": 0,
        "TEMPCOUNT": 0,
        "WMTEMPSUM": 0,
        "WETCOUNT": 0,
        "SPINIT": 0,
        "APP": 0
    },
    {
        "Year": 2023,
        "Month": 3,
        "Mday": 3,
        "DVS": 272.7272727272741,
        "ACCWET": 1,
        "DMTEMP": 21,
        "TEMPSUM": 0,
        "TEMPCOUNT": 0,
        "WMTEMPSUM": 25.3,
        "WETCOUNT": 1,
        "SPINIT": 1,
        "APP": 0
    },
    {
        "Year": 2023,
        "Month": 3,
        "Mday": 4,
        "DVS": 363.6363636363655,
        "ACCWET": 2,
        "DMTEMP": 21,
        "TEMPSUM": 0,
        "TEMPCOUNT": 0,
        "WMTEMPSUM": 50.7,
        "WETCOUNT": 2,
        "SPINIT": 1,
        "APP": 0.2930291563225289
    },
    {
        "Year": 2023,
        "Month": 3,
        "Mday": 5,
        "DVS": 454.5454545454569,
        "ACCWET": 3,
        "DMTEMP": 21,
        "TEMPSUM": 0,
        "TEMPCOUNT": 0,
        "WMTEMPSUM": 76.2,
        "WETCOUNT": 3,
        "SPINIT": 1,
        "APP": 1.548207899808002
    },
    {
        "Year": 2023,
        "Month": 3,
        "Mday": 6,
        "DVS": 545.4545454545482,
        "ACCWET": 5,
        "DMTEMP": 21,
        "TEMPSUM": 0,
        "TEMPCOUNT": 0,
        "WMTEMPSUM": 101.80000000000001,
        "WETCOUNT": 4,
        "SPINIT": 1,
        "APP": 4.594522713527539
    },
    {
        "Year": 2023,
        "Month": 3,
        "Mday": 7,
        "DVS": 636.3636363636396,
        "ACCWET": 7,
        "DMTEMP": 21,
        "TEMPSUM": 0,
        "TEMPCOUNT": 0,
        "WMTEMPSUM": 127.50000000000001,
        "WETCOUNT": 5,
        "SPINIT": 1,
        "APP": 8.221994237812499
    },
    {
        "Year": 2023,
        "Month": 3,
        "Mday": 8,
        "DVS": 727.2727272727309,
        "ACCWET": 9,
        "DMTEMP": 21,
        "TEMPSUM": 0,
        "TEMPCOUNT": 0,
        "WMTEMPSUM": 153.3,
        "WETCOUNT": 6,
        "SPINIT": 1,
        "APP": 12.247592995397525
    },
    {
        "Year": 2023,
        "Month": 3,
        "Mday": 9,
        "DVS": 818.1818181818222,
        "ACCWET": 11,
        "DMTEMP": 21,
        "TEMPSUM": 0,
        "TEMPCOUNT": 0,
        "WMTEMPSUM": 179.20000000000002,
        "WETCOUNT": 7,
        "SPINIT": 1,
        "APP": 16.502727972767993
    },
    {
        "Year": 2023,
        "Month": 3,
        "Mday": 10,
        "DVS": 909.0909090909136,
        "ACCWET": 12,
        "DMTEMP": 21,
        "TEMPSUM": 0,
        "TEMPCOUNT": 0,
        "WMTEMPSUM": 205.20000000000002,
        "WETCOUNT": 8,
        "SPINIT": 1,
        "APP": 18.688117165562524
    },
    {
        "Year": 2023,
        "Month": 3,
        "Mday": 11,
        "DVS": 1000.0000000000049,
        "ACCWET": 13,
        "DMTEMP": 21,
        "TEMPSUM": 0,
        "TEMPCOUNT": 0,
        "WMTEMPSUM": 231.3,
        "WETCOUNT": 9,
        "SPINIT": 1,
        "APP": 20.873775107920512
    },
    {
        "Year": 2023,
        "Month": 3,
        "Mday": 12,
        "DVS": 1090.9090909090962,
        "ACCWET": 0,
        "DMTEMP": 21,
        "TEMPSUM": 0,
        "TEMPCOUNT": 0,
        "WMTEMPSUM": 0,
        "WETCOUNT": 0,
        "SPINIT": 1,
        "APP": 0
    },
    {
        "Year": 2023,
        "Month": 3,
        "Mday": 13,
        "DVS": 1181.8181818181877,
        "ACCWET": 0,
        "DMTEMP": 21,
        "TEMPSUM": 0,
        "TEMPCOUNT": 0,
        "WMTEMPSUM": 0,
        "WETCOUNT": 0,
        "SPINIT": 1,
        "APP": 0
    },
    {
        "Year": 2023,
        "Month": 3,
        "Mday": 14,
        "DVS": 1272.7272727272791,
        "ACCWET": 2,
        "DMTEMP": 21,
        "TEMPSUM": 0,
        "TEMPCOUNT": 0,
        "WMTEMPSUM": 26.4,
        "WETCOUNT": 1,
        "SPINIT": 1,
        "APP": 0.7519380515279952
    },
    {
        "Year": 2023,
        "Month": 3,
        "Mday": 15,
        "DVS": 1363.6363636363706,
        "ACCWET": 3,
        "DMTEMP": 21,
        "TEMPSUM": 0,
        "TEMPCOUNT": 0,
        "WMTEMPSUM": 52.9,
        "WETCOUNT": 2,
        "SPINIT": 1,
        "APP": 2.0830286946850336
    },
    {
        "Year": 2023,
        "Month": 3,
        "Mday": 16,
        "DVS": 1454.545454545462,
        "ACCWET": 0,
        "DMTEMP": 21,
        "TEMPSUM": 0,
        "TEMPCOUNT": 0,
        "WMTEMPSUM": 0,
        "WETCOUNT": 0,
        "SPINIT": 1,
        "APP": 0
    },
    {
        "Year": 2023,
        "Month": 3,
        "Mday": 17,
        "DVS": 1545.4545454545535,
        "ACCWET": 0,
        "DMTEMP": 21,
        "TEMPSUM": 0,
        "TEMPCOUNT": 0,
        "WMTEMPSUM": 0,
        "WETCOUNT": 0,
        "SPINIT": 1,
        "APP": 0
    },
    {
        "Year": 2023,
        "Month": 3,
        "Mday": 18,
        "DVS": 1636.363636363645,
        "ACCWET": 0,
        "DMTEMP": 21,
        "TEMPSUM": 0,
        "TEMPCOUNT": 0,
        "WMTEMPSUM": 0,
        "WETCOUNT": 0,
        "SPINIT": 1,
        "APP": 0
    },
    {
        "Year": 2023,
        "Month": 3,
        "Mday": 19,
        "DVS": 1727.2727272727363,
        "ACCWET": 0,
        "DMTEMP": 21,
        "TEMPSUM": 0,
        "TEMPCOUNT": 0,
        "WMTEMPSUM": 0,
        "WETCOUNT": 0,
        "SPINIT": 1,
        "APP": 0
    },
    {
        "Year": 2023,
        "Month": 3,
        "Mday": 20,
        "DVS": 1818.1818181818278,
        "ACCWET": 0,
        "DMTEMP": 21,
        "TEMPSUM": 0,
        "TEMPCOUNT": 0,
        "WMTEMPSUM": 0,
        "WETCOUNT": 0,
        "SPINIT": 1,
        "APP": 0
    }
]