[
    {
        "Year": 2023,
        "Month": 3,
        "Mday": 1,
        "CTB": 17.1,
        "CTB_GRADE": 0
    },
    {
        "Year": 2023,
        "Month": 3,
        "Mday": 2,
        "CTB": 34.3,
        "CTB_GRADE": 0
    },
    {
        "Year": 2023,
        "Month": 3,
        "Mday": 3,
        "CTB": 51.599999999999994,
        "CTB_GRADE": 0
    },
    {
        "Year": 2023,
        "Month": 3,
        "Mday": 4,
        "CTB": 69.0,
        "CTB_GRADE": 0
    },
    {
        "Year": 2023,
        "Month": 3,
        "Mday": 5,
        "CTB": 86.5,
        "CTB_GRADE": 0
    },
    {
        "Year": 2023,
        "Month": 3,
        "Mday": 6,
        "CTB": 104.1,
        "CTB_GRADE": 0
    },
    {
        "Year": 2023,
        "Month": 3,
        "Mday": 7,
        "CTB": 121.8,
        "CTB_GRADE": 0
    },
    {
        "Year": 2023,
        "Month": 3,
        "Mday": 8,
        "CTB": 139.6,
        "CTB_GRADE": 0
    },
    {
        "Year": 2023,
        "Month": 3,
        "Mday": 9,
        "CTB": 157.5,
        "CTB_GRADE": 0
    },
    {
        "Year": 2023,
        "Month": 3,
        "Mday": 10,
        "CTB": 175.5,
        "CTB_GRADE": 0
    },
    {
        "Year": 2023,
        "Month": 3,
        "Mday": 11,
        "CTB": 193.6,
        "CTB_GRADE": 0
    },
    {
        "Year": 2023,
        "Month": 3,
        "Mday": 12,
        "CTB": 211.79999999999998,
        "CTB_GRADE": 0
    },
    {
        "Year": 2023,
        "Month": 3,
        "Mday": 13,
        "CTB": 230.1,
        "CTB_GRADE": 0
    },
    {
        "Year": 2023,
        "Month": 3,
        "Mday": 14,
        "CTB": 248.5,
        "CTB_GRADE": 0
    },
    {
        "Year": 2023,
        "Month": 3,
        "Mday": 15,
        "CTB": 267.0,
        "CTB_GRADE": 0
    },
    {
        "Year": 2023,
        "Month": 3,
        "Mday": 16,
        "CTB": 285.6,
        "CTB_GRADE": 0
    },
    {
        "Year": 2023,
        "Month": 3,
        "Mday": 17,
        "CTB": 304.3,
        "CTB_GRADE": 0
    },
    {
        "Year": 2023,
        "Month": 3,
        "Mday": 18,
        "CTB": 323.1,
        "CTB_GRADE": 0
    },
    {
        "Year": 2023,
        "Month": 3,
        "Mday": 19,
        "CTB": 342.0,
        "CTB_GRADE": 1
    },
    {
        "Year": 2023,
        "Month": 3,
        "Mday": 20,
        "CTB": 361.0,
        "CTB_GRADE": 1
    }
]