[
    {
        "Year": 2023,
        "Month": 3,
        "Mday": 1,
        "OFMDD1": 16.96,
        "OFMDD2": 17.14,
        "riskIndex": 0
    },
    {
        "Year": 2023,
        "Month": 3,
        "Mday": 2,
        "OFMDD1": 34.019999999999996,
        "OFMDD2": 34.379999999999995,
        "riskIndex": 0
    },
    {
        "Year": 2023,
        "Month": 3,
        "Mday": 3,
        "OFMDD1": 51.17999999999999,
        "OFMDD2": 51.72,
        "riskIndex": 0
    },
    {
        "Year": 2023,
        "Month": 3,
        "Mday": 4,
        "OFMDD1": 68.44,
        "OFMDD2": 69.16,
        "riskIndex": 0
    },
    {
        "Year": 2023,
        "Month": 3,
        "Mday": 5,
        "OFMDD1": 85.8,
        "OFMDD2": 86.69999999999999,
        "riskIndex": 0
    },
    {
        "Year": 2023,
        "Month": 3,
        "Mday": 6,
        "OFMDD1": 103.25999999999999,
        "OFMDD2": 104.33999999999999,
        "riskIndex": 0
    },
    {
        "Year": 2023,
        "Month": 3,
        "Mday": 7,
        "OFMDD1": 120.82,
        "OFMDD2": 122.07999999999998,
        "riskIndex": 1
    },
    {
        "Year": 2023,
        "Month": 3,
        "Mday": 8,
        "OFMDD1": 138.48,
        "OFMDD2": 139.92,
        "riskIndex": 1
    },
    {
        "Year": 2023,
        "Month": 3,
        "Mday": 9,
        "OFMDD1": 156.23999999999998,
        "OFMDD2": 157.85999999999999,
        "riskIndex": 0
    },
    {
        "Year": 2023,
        "Month": 3,
        "Mday": 10,
        "OFMDD1": 174.09999999999997,
        "OFMDD2": 175.89999999999998,
        "riskIndex": 0
    },
    {
        "Year": 2023,
        "Month": 3,
        "Mday": 11,
        "OFMDD1": 192.05999999999997,
        "OFMDD2": 194.03999999999996,
        "riskIndex": 0
    },
    {
        "Year": 2023,
        "Month": 3,
        "Mday": 12,
        "OFMDD1": 210.11999999999998,
        "OFMDD2": 212.27999999999997,
        "riskIndex": 0
    },
    {
        "Year": 2023,
        "Month": 3,
        "Mday": 13,
        "OFMDD1": 228.27999999999997,
        "OFMDD2": 230.61999999999998,
        "riskIndex": 0
    },
    {
        "Year": 2023,
        "Month": 3,
        "Mday": 14,
        "OFMDD1": 246.53999999999996,
        "OFMDD2": 249.05999999999997,
        "riskIndex": 0
    },
    {
        "Year": 2023,
        "Month": 3,
        "Mday": 15,
        "OFMDD1": 264.9,
        "OFMDD2": 267.59999999999997,
        "riskIndex": 2
    },
    {
        "Year": 2023,
        "Month": 3,
        "Mday": 16,
        "OFMDD1": 283.35999999999996,
        "OFMDD2": 286.23999999999995,
        "riskIndex": 0
    },
    {
        "Year": 2023,
        "Month": 3,
        "Mday": 17,
        "OFMDD1": 301.91999999999996,
        "OFMDD2": 304.97999999999996,
        "riskIndex": 0
    },
    {
        "Year": 2023,
        "Month": 3,
        "Mday": 18,
        "OFMDD1": 320.58,
        "OFMDD2": 323.81999999999994,
        "riskIndex": 0
    },
    {
        "Year": 2023,
        "Month": 3,
        "Mday": 19,
        "OFMDD1": 339.34,
        "OFMDD2": 342.75999999999993,
        "riskIndex": 0
    },
    {
        "Year": 2023,
        "Month": 3,
        "Mday": 20,
        "OFMDD1": 358.2,
        "OFMDD2": 361.79999999999995,
        "riskIndex": 3
    }
]