[
    {
        "Year": 2023,
        "Month": 3,
        "Mday": 1,
        "PFMDEG": 11.723910000000002,
        "PFM_IR": 0
    },
    {
        "Year": 2023,
        "Month": 3,
        "Mday": 2,
        "PFMDEG": 23.51343,
        "PFM_IR": 0
    },
    {
        "Year": 2023,
        "Month": 3,
        "Mday": 3,
        "PFMDEG": 35.36856,
        "PFM_IR": 0
    },
    {
        "Year": 2023,
        "Month": 3,
        "Mday": 4,
        "PFMDEG": 47.2893,
        "PFM_IR": 0
    },
    {
        "Year": 2023,
        "Month": 3,
        "Mday": 5,
        "PFMDEG": 59.27565,
        "PFM_IR": 0
    },
    {
        "Year": 2023,
        "Month": 3,
        "Mday": 6,
        "PFMDEG": 71.32760999999999,
        "PFM_IR": 0
    },
    {
        "Year": 2023,
        "Month": 3,
        "Mday": 7,
        "PFMDEG": 83.44518,
        "PFM_IR": 0
    },
    {
        "Year": 2023,
        "Month": 3,
        "Mday": 8,
        "PFMDEG": 95.62835999999999,
        "PFM_IR": 0
    },
    {
        "Year": 2023,
        "Month": 3,
        "Mday": 9,
        "PFMDEG": 107.87714999999999,
        "PFM_IR": 0
    },
    {
        "Year": 2023,
        "Month": 3,
        "Mday": 10,
        "PFMDEG": 120.19154999999999,
        "PFM_IR": 0
    },
    {
        "Year": 2023,
        "Month": 3,
        "Mday": 11,
        "PFMDEG": 132.57156,
        "PFM_IR": 0
    },
    {
        "Year": 2023,
        "Month": 3,
        "Mday": 12,
        "PFMDEG": 145.01718,
        "PFM_IR": 0
    },
    {
        "Year": 2023,
        "Month": 3,
        "Mday": 13,
        "PFMDEG": 157.52841,
        "PFM_IR": 0
    },
    {
        "Year": 2023,
        "Month": 3,
        "Mday": 14,
        "PFMDEG": 172.32841000000002,
        "PFM_IR": 0
    },
    {
        "Year": 2023,
        "Month": 3,
        "Mday": 15,
        "PFMDEG": 187.22841000000003,
        "PFM_IR": 0
    },
    {
        "Year": 2023,
        "Month": 3,
        "Mday": 16,
        "PFMDEG": 202.22841000000003,
        "PFM_IR": 0
    },
    {
        "Year": 2023,
        "Month": 3,
        "Mday": 17,
        "PFMDEG": 217.32841000000002,
        "PFM_IR": 0
    },
    {
        "Year": 2023,
        "Month": 3,
        "Mday": 18,
        "PFMDEG": 232.52841,
        "PFM_IR": 0
    },
    {
        "Year": 2023,
        "Month": 3,
        "Mday": 19,
        "PFMDEG": 247.82841000000002,
        "PFM_IR": 0
    },
    {
        "Year": 2023,
        "Month": 3,
        "Mday": 20,
        "PFMDEG": 263.22841,
        "PFM_IR": 0
    }
]