[
    {
        "Year": 2023,
        "Month": 3,
        "Mday": 1,
        "BsunDEG": 17.1,
        "Bsun_IR": 0
    },
    {
        "Year": 2023,
        "Month": 3,
        "Mday": 2,
        "BsunDEG": 34.3,
        "Bsun_IR": 0
    },
    {
        "Year": 2023,
        "Month": 3,
        "Mday": 3,
        "BsunDEG": 51.599999999999994,
        "Bsun_IR": 0
    },
    {
        "Year": 2023,
        "Month": 3,
        "Mday": 4,
        "BsunDEG": 69.0,
        "Bsun_IR": 0
    },
    {
        "Year": 2023,
        "Month": 3,
        "Mday": 5,
        "BsunDEG": 86.5,
        "Bsun_IR": 0
    },
    {
        "Year": 2023,
        "Month": 3,
        "Mday": 6,
        "BsunDEG": 104.1,
        "Bsun_IR": 0
    },
    {
        "Year": 2023,
        "Month": 3,
        "Mday": 7,
        "BsunDEG": 121.8,
        "Bsun_IR": 0
    },
    {
        "Year": 2023,
        "Month": 3,
        "Mday": 8,
        "BsunDEG": 139.6,
        "Bsun_IR": 0
    },
    {
        "Year": 2023,
        "Month": 3,
        "Mday": 9,
        "BsunDEG": 157.5,
        "Bsun_IR": 0
    },
    {
        "Year": 2023,
        "Month": 3,
        "Mday": 10,
        "BsunDEG": 175.5,
        "Bsun_IR": 0
    },
    {
        "Year": 2023,
        "Month": 3,
        "Mday": 11,
        "BsunDEG": 193.6,
        "Bsun_IR": 0
    },
    {
        "Year": 2023,
        "Month": 3,
        "Mday": 12,
        "BsunDEG": 211.79999999999998,
        "Bsun_IR": 0
    },
    {
        "Year": 2023,
        "Month": 3,
        "Mday": 13,
        "BsunDEG": 230.1,
        "Bsun_IR": 1
    },
    {
        "Year": 2023,
        "Month": 3,
        "Mday": 14,
        "BsunDEG": 248.5,
        "Bsun_IR": 1
    },
    {
        "Year": 2023,
        "Month": 3,
        "Mday": 15,
        "BsunDEG": 267.0,
        "Bsun_IR": 1
    },
    {
        "Year": 2023,
        "Month": 3,
        "Mday": 16,
        "BsunDEG": 285.6,
        "Bsun_IR": 1
    },
    {
        "Year": 2023,
        "Month": 3,
        "Mday": 17,
        "BsunDEG": 304.3,
        "Bsun_IR": 0
    },
    {
        "Year": 2023,
        "Month": 3,
        "Mday": 18,
        "BsunDEG": 323.1,
        "Bsun_IR": 0
    },
    {
        "Year": 2023,
        "Month": 3,
        "Mday": 19,
        "BsunDEG": 342.0,
        "Bsun_IR": 0
    },
    {
        "Year": 2023,
        "Month": 3,
        "Mday": 20,
        "BsunDEG": 361.0,
        "Bsun_IR": 0
    }
]