[
    {
        "Year": 2023,
        "Month": 3,
        "Mday": 1,
        "GaruDEG": 8.533333333333333,
        "Garu_IR": 0
    },
    {
        "Year": 2023,
        "Month": 3,
        "Mday": 2,
        "GaruDEG": 17.133333333333333,
        "Garu_IR": 0
    },
    {
        "Year": 2023,
        "Month": 3,
        "Mday": 3,
        "GaruDEG": 25.799999999999997,
        "Garu_IR": 0
    },
    {
        "Year": 2023,
        "Month": 3,
        "Mday": 4,
        "GaruDEG": 34.53333333333333,
        "Garu_IR": 0
    },
    {
        "Year": 2023,
        "Month": 3,
        "Mday": 5,
        "GaruDEG": 43.33333333333333,
        "Garu_IR": 0
    },
    {
        "Year": 2023,
        "Month": 3,
        "Mday": 6,
        "GaruDEG": 52.199999999999996,
        "Garu_IR": 0
    },
    {
        "Year": 2023,
        "Month": 3,
        "Mday": 7,
        "GaruDEG": 61.133333333333326,
        "Garu_IR": 0
    },
    {
        "Year": 2023,
        "Month": 3,
        "Mday": 8,
        "GaruDEG": 70.13333333333333,
        "Garu_IR": 0
    },
    {
        "Year": 2023,
        "Month": 3,
        "Mday": 9,
        "GaruDEG": 79.19999999999999,
        "Garu_IR": 0
    },
    {
        "Year": 2023,
        "Month": 3,
        "Mday": 10,
        "GaruDEG": 88.33333333333331,
        "Garu_IR": 0
    },
    {
        "Year": 2023,
        "Month": 3,
        "Mday": 11,
        "GaruDEG": 97.53333333333332,
        "Garu_IR": 0
    },
    {
        "Year": 2023,
        "Month": 3,
        "Mday": 12,
        "GaruDEG": 106.79999999999998,
        "Garu_IR": 0
    },
    {
        "Year": 2023,
        "Month": 3,
        "Mday": 13,
        "GaruDEG": 116.13333333333331,
        "Garu_IR": 0
    },
    {
        "Year": 2023,
        "Month": 3,
        "Mday": 14,
        "GaruDEG": 125.5333333333333,
        "Garu_IR": 0
    },
    {
        "Year": 2023,
        "Month": 3,
        "Mday": 15,
        "GaruDEG": 134.99999999999997,
        "Garu_IR": 0
    },
    {
        "Year": 2023,
        "Month": 3,
        "Mday": 16,
        "GaruDEG": 144.5333333333333,
        "Garu_IR": 0
    },
    {
        "Year": 2023,
        "Month": 3,
        "Mday": 17,
        "GaruDEG": 154.1333333333333,
        "Garu_IR": 0
    },
    {
        "Year": 2023,
        "Month": 3,
        "Mday": 18,
        "GaruDEG": 163.79999999999995,
        "Garu_IR": 1
    },
    {
        "Year": 2023,
        "Month": 3,
        "Mday": 19,
        "GaruDEG": 180.59999999999997,
        "Garu_IR": 1
    },
    {
        "Year": 2023,
        "Month": 3,
        "Mday": 20,
        "GaruDEG": 197.49999999999997,
        "Garu_IR": 1
    }
]