[
    {
        "Year": 2023,
        "Month": 3,
        "Mday": 1,
        "ACCIR": 0,
        "DRYCOUNT": 1,
        "ACCIR2": 0
    },
    {
        "Year": 2023,
        "Month": 3,
        "Mday": 2,
        "ACCIR": 0,
        "DRYCOUNT": 2,
        "ACCIR2": 0
    },
    {
        "Year": 2023,
        "Month": 3,
        "Mday": 3,
        "ACCIR": 0.11321077589354815,
        "DRYCOUNT": 0,
        "ACCIR2": 1
    },
    {
        "Year": 2023,
        "Month": 3,
        "Mday": 4,
        "ACCIR": 0.22389164259797262,
        "DRYCOUNT": 0,
        "ACCIR2": 1
    },
    {
        "Year": 2023,
        "Month": 3,
        "Mday": 5,
        "ACCIR": 0.33205801452231537,
        "DRYCOUNT": 0,
        "ACCIR2": 1
    },
    {
        "Year": 2023,
        "Month": 3,
        "Mday": 6,
        "ACCIR": 0,
        "DRYCOUNT": 0,
        "ACCIR2": 0
    },
    {
        "Year": 2023,
        "Month": 3,
        "Mday": 7,
        "ACCIR": 0.2063934821873837,
        "DRYCOUNT": 0,
        "ACCIR2": 1
    },
    {
        "Year": 2023,
        "Month": 3,
        "Mday": 8,
        "ACCIR": 0.40788870752820106,
        "DRYCOUNT": 0,
        "ACCIR2": 1
    },
    {
        "Year": 2023,
        "Month": 3,
        "Mday": 9,
        "ACCIR": 0.6045405254598685,
        "DRYCOUNT": 0,
        "ACCIR2": 1
    },
    {
        "Year": 2023,
        "Month": 3,
        "Mday": 10,
        "ACCIR": 0.7004746014048131,
        "DRYCOUNT": 0,
        "ACCIR2": 1
    },
    {
        "Year": 2023,
        "Month": 3,
        "Mday": 11,
        "ACCIR": 0.7940489399207687,
        "DRYCOUNT": 0,
        "ACCIR2": 1
    },
    {
        "Year": 2023,
        "Month": 3,
        "Mday": 12,
        "ACCIR": 0.7940489399207687,
        "DRYCOUNT": 1,
        "ACCIR2": 1
    },
    {
        "Year": 2023,
        "Month": 3,
        "Mday": 13,
        "ACCIR": 0.7940489399207687,
        "DRYCOUNT": 2,
        "ACCIR2": 1
    },
    {
        "Year": 2023,
        "Month": 3,
        "Mday": 14,
        "ACCIR": 0,
        "DRYCOUNT": 0,
        "ACCIR2": 0
    },
    {
        "Year": 2023,
        "Month": 3,
        "Mday": 15,
        "ACCIR": 0.0844933460903774,
        "DRYCOUNT": 0,
        "ACCIR2": 0
    },
    {
        "Year": 2023,
        "Month": 3,
        "Mday": 16,
        "ACCIR": 0.0844933460903774,
        "DRYCOUNT": 1,
        "ACCIR2": 0
    },
    {
        "Year": 2023,
        "Month": 3,
        "Mday": 17,
        "ACCIR": 0.0844933460903774,
        "DRYCOUNT": 2,
        "ACCIR2": 0
    },
    {
        "Year": 2023,
        "Month": 3,
        "Mday": 18,
        "ACCIR": 0.0844933460903774,
        "DRYCOUNT": 3,
        "ACCIR2": 0
    },
    {
        "Year": 2023,
        "Month": 3,
        "Mday": 19,
        "ACCIR": 0.0844933460903774,
        "DRYCOUNT": 4,
        "ACCIR2": 0
    },
    {
        "Year": 2023,
        "Month": 3,
        "Mday": 20,
        "ACCIR": 0.0844933460903774,
        "DRYCOUNT": 5,
        "ACCIR2": 0
    }
]