[
    {
        "Year": 2023,
        "Month": 3,
        "Mday": 1,
        "PFMDD1": 17.35,
        "PFMDD2": 17.55,
        "riskIndex": 0
    },
    {
        "Year": 2023,
        "Month": 3,
        "Mday": 2,
        "PFMDD1": 34.8,
        "PFMDD2": 35.2,
        "riskIndex": 0
    },
    {
        "Year": 2023,
        "Month": 3,
        "Mday": 3,
        "PFMDD1": 52.349999999999994,
        "PFMDD2": 52.95,
        "riskIndex": 0
    },
    {
        "Year": 2023,
        "Month": 3,
        "Mday": 4,
        "PFMDD1": 70.0,
        "PFMDD2": 70.8,
        "riskIndex": 0
    },
    {
        "Year": 2023,
        "Month": 3,
        "Mday": 5,
        "PFMDD1": 87.75,
        "PFMDD2": 88.75,
        "riskIndex": 0
    },
    {
        "Year": 2023,
        "Month": 3,
        "Mday": 6,
        "PFMDD1": 105.6,
        "PFMDD2": 106.8,
        "riskIndex": 0
    },
    {
        "Year": 2023,
        "Month": 3,
        "Mday": 7,
        "PFMDD1": 123.55,
        "PFMDD2": 124.94999999999999,
        "riskIndex": 0
    },
    {
        "Year": 2023,
        "Month": 3,
        "Mday": 8,
        "PFMDD1": 141.6,
        "PFMDD2": 143.2,
        "riskIndex": 0
    },
    {
        "Year": 2023,
        "Month": 3,
        "Mday": 9,
        "PFMDD1": 159.75,
        "PFMDD2": 161.54999999999998,
        "riskIndex": 0
    },
    {
        "Year": 2023,
        "Month": 3,
        "Mday": 10,
        "PFMDD1": 178.0,
        "PFMDD2": 179.99999999999997,
        "riskIndex": 1
    },
    {
        "Year": 2023,
        "Month": 3,
        "Mday": 11,
        "PFMDD1": 196.35,
        "PFMDD2": 198.54999999999998,
        "riskIndex": 1
    },
    {
        "Year": 2023,
        "Month": 3,
        "Mday": 12,
        "PFMDD1": 214.79999999999998,
        "PFMDD2": 217.2,
        "riskIndex": 0
    },
    {
        "Year": 2023,
        "Month": 3,
        "Mday": 13,
        "PFMDD1": 233.35,
        "PFMDD2": 235.95,
        "riskIndex": 0
    },
    {
        "Year": 2023,
        "Month": 3,
        "Mday": 14,
        "PFMDD1": 252.0,
        "PFMDD2": 254.79999999999998,
        "riskIndex": 0
    },
    {
        "Year": 2023,
        "Month": 3,
        "Mday": 15,
        "PFMDD1": 270.75,
        "PFMDD2": 273.75,
        "riskIndex": 0
    },
    {
        "Year": 2023,
        "Month": 3,
        "Mday": 16,
        "PFMDD1": 289.6,
        "PFMDD2": 292.8,
        "riskIndex": 0
    },
    {
        "Year": 2023,
        "Month": 3,
        "Mday": 17,
        "PFMDD1": 308.55,
        "PFMDD2": 311.95,
        "riskIndex": 0
    },
    {
        "Year": 2023,
        "Month": 3,
        "Mday": 18,
        "PFMDD1": 327.6,
        "PFMDD2": 331.2,
        "riskIndex": 0
    },
    {
        "Year": 2023,
        "Month": 3,
        "Mday": 19,
        "PFMDD1": 346.75,
        "PFMDD2": 350.55,
        "riskIndex": 0
    },
    {
        "Year": 2023,
        "Month": 3,
        "Mday": 20,
        "PFMDD1": 366.0,
        "PFMDD2": 370.0,
        "riskIndex": 0
    }
]