瘤痢,瘤痢疙,老矫,扁柯(∑C),浅加(m/s),碍荐樊(mm),泅瘤扁拘(hPa),嚼档(%)
612,傍林,2023-05-01 01:00,12.1,2.3,0,1009.9,80
612,傍林,2023-05-01 02:00,10.5,.4,0,1010.1,88
612,傍林,2023-05-01 03:00,9.2,.2,0,1010.3,91
612,傍林,2023-05-01 04:00,9.6,1,0,1011,92
612,傍林,2023-05-01 05:00,8.3,1.1,0,1011.1,96
612,傍林,2023-05-01 06:00,8.3,.8,0,1011.9,98
612,傍林,2023-05-01 07:00,9.4,1.9,0,1012.9,97
612,傍林,2023-05-01 08:00,11.1,2.1,0,1013.5,89
612,傍林,2023-05-01 09:00,14.1,2.4,0,1014.2,68
612,傍林,2023-05-01 10:00,15.7,1.5,0,1014.9,60
612,傍林,2023-05-01 11:00,17,1.5,0,1015.3,43
612,傍林,2023-05-01 12:00,16.5,4.4,0,1015.7,35
612,傍林,2023-05-01 13:00,17.5,3.6,0,1016.2,37
612,傍林,2023-05-01 14:00,20.1,2.8,0,1015.5,31
612,傍林,2023-05-01 15:00,20,3.3,0,1014.6,27
612,傍林,2023-05-01 16:00,21.4,2.1,0,1013.9,23
612,傍林,2023-05-01 17:00,21.2,2.2,0,1014.1,23
612,傍林,2023-05-01 18:00,20.5,1.1,0,1014.4,27
612,傍林,2023-05-01 19:00,17,.7,0,1014.9,37
612,傍林,2023-05-01 20:00,14.1,1.1,0,1015.8,44
612,傍林,2023-05-01 21:00,11.7,.1,0,1017,55
612,傍林,2023-05-01 22:00,10.2,0,0,1018,62
612,傍林,2023-05-01 23:00,8.6,.2,0,1018.2,69
612,傍林,2023-05-02 00:00,7.2,0,0,1018.4,76
612,傍林,2023-05-02 01:00,6.5,0,0,1018.8,80
612,傍林,2023-05-02 02:00,5.4,0,0,1018.8,84
612,傍林,2023-05-02 03:00,5,.2,0,1018.7,87
612,傍林,2023-05-02 04:00,4.4,0,0,1019.3,89
612,傍林,2023-05-02 05:00,4,0,0,1019.8,92
612,傍林,2023-05-02 06:00,4,0,0,1020.2,92
612,傍林,2023-05-02 07:00,6.2,0,0,1020.6,84
612,傍林,2023-05-02 08:00,9.9,.1,0,1020.9,71
612,傍林,2023-05-02 09:00,14.1,1.6,0,1021,57
612,傍林,2023-05-02 10:00,17.5,1.7,0,1020.9,45
612,傍林,2023-05-02 11:00,20.9,1,0,1021,32
612,傍林,2023-05-02 12:00,23.2,2.3,0,1020.3,21
612,傍林,2023-05-02 13:00,24.2,2.4,0,1019.6,18
612,傍林,2023-05-02 14:00,24.5,3,0,1019.1,19
612,傍林,2023-05-02 15:00,24.9,2.2,0,1018.3,18
612,傍林,2023-05-02 16:00,25.1,1.6,0,1017.7,18
612,傍林,2023-05-02 17:00,25.4,1.2,0,1017.3,18
612,傍林,2023-05-02 18:00,24.2,1.7,0,1017,20
612,傍林,2023-05-02 19:00,20.6,1.3,0,1017.3,29
612,傍林,2023-05-02 20:00,17.5,.7,0,1017.2,36
612,傍林,2023-05-02 21:00,16.4,1.1,0,1018.5,43
612,傍林,2023-05-02 22:00,14.3,.5,0,1019.3,52
612,傍林,2023-05-02 23:00,12.4,.2,0,1019.9,59
612,傍林,2023-05-03 00:00,11.3,0,0,1019.7,65
612,傍林,2023-05-03 01:00,12,.9,0,1019.6,63
612,傍林,2023-05-03 02:00,10.2,.2,0,1019.5,67
612,傍林,2023-05-03 03:00,10,.2,0,1019.2,69
612,傍林,2023-05-03 04:00,10.8,.7,0,1019.3,71
612,傍林,2023-05-03 05:00,10.2,.8,0,1019.6,73
612,傍林,2023-05-03 06:00,8.9,.1,0,1019.6,77
612,傍林,2023-05-03 07:00,10.9,.1,0,1020.4,72
612,傍林,2023-05-03 08:00,12.8,1,0,1020.2,61
612,傍林,2023-05-03 09:00,17.4,.4,0,1019.4,38
612,傍林,2023-05-03 10:00,21.5,1.2,0,1019.2,37
612,傍林,2023-05-03 11:00,22.6,2.5,0,1018.8,29
612,傍林,2023-05-03 12:00,23.7,1.9,0,1018.3,29
612,傍林,2023-05-03 13:00,24,1.7,0,1017.3,26
612,傍林,2023-05-03 14:00,24.8,2.8,0,1016.9,27
612,傍林,2023-05-03 15:00,25.3,2.5,0,1015.9,31
612,傍林,2023-05-03 16:00,24.9,1.8,0,1015.4,39
612,傍林,2023-05-03 17:00,23.9,2.1,0,1015.4,41
612,傍林,2023-05-03 18:00,22.8,2,0,1015.4,49
612,傍林,2023-05-03 19:00,21.5,.8,0,1015.3,57
612,傍林,2023-05-03 20:00,19.2,0,0,1015.8,65
612,傍林,2023-05-03 21:00,19.2,.5,0,1016.6,66
612,傍林,2023-05-03 22:00,18.7,.5,0,1016.9,69
612,傍林,2023-05-03 23:00,17.9,0,0,1016.9,73
612,傍林,2023-05-04 00:00,17.5,.4,0,1016.8,74
612,傍林,2023-05-04 01:00,16.2,.3,0,1016.3,78
612,傍林,2023-05-04 02:00,14.4,0,0,1016.1,85
612,傍林,2023-05-04 03:00,13.7,0,0,1015.6,89
612,傍林,2023-05-04 04:00,13.7,.6,0,1014.9,90
612,傍林,2023-05-04 05:00,13.9,.5,0,1014.5,89
612,傍林,2023-05-04 06:00,14.3,0,0,1014.4,88
612,傍林,2023-05-04 07:00,16.2,.5,0,1014.3,79
612,傍林,2023-05-04 08:00,17.4,.9,0,1014.1,75
612,傍林,2023-05-04 09:00,19.8,1.4,0,1013.4,65
612,傍林,2023-05-04 10:00,21.9,2.7,0,1012.8,58
612,傍林,2023-05-04 11:00,22.9,2.6,0,1012.3,53
612,傍林,2023-05-04 12:00,24.1,1.9,0,1010.9,50
612,傍林,2023-05-04 13:00,25.5,3,0,1009.6,46
612,傍林,2023-05-04 14:00,25.9,3.4,0,1008,44
612,傍林,2023-05-04 15:00,25.8,3,0,1007.3,46
612,傍林,2023-05-04 16:00,25.6,2,0,1006.7,48
612,傍林,2023-05-04 17:00,24.1,2.7,0,1007,52
612,傍林,2023-05-04 18:00,23.3,2.9,0,1007.1,53
612,傍林,2023-05-04 19:00,22.8,2,0,1007.1,55
612,傍林,2023-05-04 20:00,21.8,3,0,1007,57
612,傍林,2023-05-04 21:00,21.1,2.4,0,1007,61
612,傍林,2023-05-04 22:00,20.5,2.8,0,1007,63
612,傍林,2023-05-04 23:00,17.2,1.3,1.5,1006.3,90
612,傍林,2023-05-05 00:00,17.3,2.9,0,1006,88
612,傍林,2023-05-05 01:00,16.7,1.6,0,1004.9,92
612,傍林,2023-05-05 02:00,16.8,1.3,0,1003.9,92
612,傍林,2023-05-05 03:00,17,.8,.5,1003.4,92
612,傍林,2023-05-05 04:00,16.5,1.1,5.5,1002.8,97
612,傍林,2023-05-05 05:00,16.7,.5,0,1002.1,97
612,傍林,2023-05-05 06:00,16.8,0,1.5,1002,97
612,傍林,2023-05-05 07:00,17,.4,.5,1001.7,98
612,傍林,2023-05-05 08:00,17.4,1.4,7.5,1000.9,98
612,傍林,2023-05-05 09:00,17.9,.1,5.5,1001.2,99
612,傍林,2023-05-05 10:00,18.5,.4,.5,1001,98
612,傍林,2023-05-05 11:00,19.2,.5,1,1000.8,98
612,傍林,2023-05-05 12:00,19.5,.1,1.5,1000.3,97
612,傍林,2023-05-05 13:00,20.3,.1,.5,999.4,97
612,傍林,2023-05-05 14:00,21,1.5,2,998.9,95
612,傍林,2023-05-05 15:00,20.8,.9,1,998.5,95
612,傍林,2023-05-05 16:00,20.9,.8,1,997.9,96
612,傍林,2023-05-05 17:00,20.7,0,5,997.5,98
612,傍林,2023-05-05 18:00,20.4,.5,7,997.4,99
612,傍林,2023-05-05 19:00,20.4,1,1.5,997.9,98
612,傍林,2023-05-05 20:00,20.1,1.2,2,998.5,98
612,傍林,2023-05-05 21:00,19.7,.1,2,998.5,99
612,傍林,2023-05-05 22:00,19.6,0,6,998.3,99
612,傍林,2023-05-05 23:00,19.6,.4,3,997.7,100
612,傍林,2023-05-06 00:00,19.9,.3,2,997.2,100
612,傍林,2023-05-06 01:00,20,.8,.5,996.9,99
612,傍林,2023-05-06 02:00,19.9,.7,2,996.2,99
612,傍林,2023-05-06 03:00,19.9,.5,2,995.9,99
612,傍林,2023-05-06 04:00,19.7,.6,3,995.5,99
612,傍林,2023-05-06 05:00,19.7,1.8,5,995.5,99
612,傍林,2023-05-06 06:00,19.1,2.2,4,995.7,99
612,傍林,2023-05-06 07:00,15.8,3,3,996.8,97
612,傍林,2023-05-06 08:00,15.3,3,3,997.6,96
612,傍林,2023-05-06 09:00,14.9,1.6,4,998.9,97
612,傍林,2023-05-06 10:00,14.2,3.2,6,1000.3,96
612,傍林,2023-05-06 11:00,13.8,3.4,1.5,1001.3,95
612,傍林,2023-05-06 12:00,13.4,3.3,.5,1001.8,95
612,傍林,2023-05-06 13:00,13.4,4.3,2,1002.5,95
612,傍林,2023-05-06 14:00,13.3,3.9,2,1002.9,96
612,傍林,2023-05-06 15:00,13.3,3.9,2.5,1003.6,95
612,傍林,2023-05-06 16:00,13.2,4.8,1,1004.1,94
612,傍林,2023-05-06 17:00,12.8,4.2,0,1004.7,94
612,傍林,2023-05-06 18:00,12.6,3.3,0,1005.3,93
612,傍林,2023-05-06 19:00,12.4,3.2,.5,1005.8,92
612,傍林,2023-05-06 20:00,12,3,.5,1006.2,95
612,傍林,2023-05-06 21:00,12,2.9,0,1007.2,93
612,傍林,2023-05-06 22:00,11.7,3.4,.5,1007.7,92
612,傍林,2023-05-06 23:00,11.6,3,0,1007.4,92
612,傍林,2023-05-07 00:00,11.5,3.2,0,1007.8,92
612,傍林,2023-05-07 01:00,11.4,2.4,0,1008.4,94
612,傍林,2023-05-07 02:00,11.5,2.1,.5,1008.1,93
612,傍林,2023-05-07 03:00,11.6,2.4,0,1007.8,86
612,傍林,2023-05-07 04:00,11.4,1.9,0,1008.4,84
612,傍林,2023-05-07 05:00,11.5,2.6,0,1008.1,82
612,傍林,2023-05-07 06:00,11.5,2.1,0,1008.3,81
612,傍林,2023-05-07 07:00,11.8,2.4,0,1008.8,83
612,傍林,2023-05-07 08:00,11.8,2.4,0,1008.9,86
612,傍林,2023-05-07 09:00,12,2.4,0,1009.2,84
612,傍林,2023-05-07 10:00,12.7,3.1,.5,1009.3,76
612,傍林,2023-05-07 11:00,13.3,2.3,0,1009.7,80
612,傍林,2023-05-07 12:00,13.4,2.4,0,1009.1,70
612,傍林,2023-05-07 13:00,14.3,2,0,1008.4,62
612,傍林,2023-05-07 14:00,14.1,3.7,0,1008.5,71
612,傍林,2023-05-07 15:00,14.8,2,0,1008.4,65
612,傍林,2023-05-07 16:00,14.8,2.4,0,1008.3,65
612,傍林,2023-05-07 17:00,14.4,2.1,0,1008,64
612,傍林,2023-05-07 18:00,14.5,2,0,1008.4,60
612,傍林,2023-05-07 19:00,12.7,1.4,0,1008.2,75
612,傍林,2023-05-07 20:00,10.6,1.3,0,1009.2,86
612,傍林,2023-05-07 21:00,9.3,0,0,1010,93
612,傍林,2023-05-07 22:00,8.5,.6,0,1011,97
612,傍林,2023-05-07 23:00,8.1,.2,0,1011.5,98
612,傍林,2023-05-08 00:00,7.4,1.1,0,1012.5,99
612,傍林,2023-05-08 01:00,6.8,.3,0,1012.7,99
612,傍林,2023-05-08 02:00,5.8,0,0,1012.9,99
612,傍林,2023-05-08 03:00,5.3,1,0,1013.3,100
612,傍林,2023-05-08 04:00,4.6,.5,0,1013.8,100
612,傍林,2023-05-08 05:00,4.3,.4,0,1014.1,100
612,傍林,2023-05-08 06:00,4,.6,0,1014.5,100
612,傍林,2023-05-08 07:00,6.2,1,0,1013.9,100
612,傍林,2023-05-08 08:00,8.3,2.7,0,1013.9,95
612,傍林,2023-05-08 09:00,11.8,1.9,0,1013.6,78
612,傍林,2023-05-08 10:00,14.7,2.8,0,1013.5,59
612,傍林,2023-05-08 11:00,17.2,1.8,0,1013.7,39
612,傍林,2023-05-08 12:00,19.2,1.3,0,1013.5,32
612,傍林,2023-05-08 13:00,20.8,.8,0,1013.2,31
612,傍林,2023-05-08 14:00,22.1,.6,0,1012.9,28
612,傍林,2023-05-08 15:00,22.1,2.4,0,1012.5,29
612,傍林,2023-05-08 16:00,21.7,3.1,0,1012.3,37
612,傍林,2023-05-08 17:00,20.8,2.8,0,1012.6,43
612,傍林,2023-05-08 18:00,19.2,2.5,0,1013.1,43
612,傍林,2023-05-08 19:00,17.9,2.6,0,1013.5,35
612,傍林,2023-05-08 20:00,14.6,.3,0,1014,48
612,傍林,2023-05-08 21:00,12.2,0,0,1014.5,62
612,傍林,2023-05-08 22:00,10.2,0,0,1015.1,78
612,傍林,2023-05-08 23:00,9,0,0,1015.2,86
612,傍林,2023-05-09 00:00,7.9,.6,0,1015.6,92
612,傍林,2023-05-09 01:00,8,.6,0,1015.4,93
612,傍林,2023-05-09 02:00,6.9,0,0,1015.3,97
612,傍林,2023-05-09 03:00,6.3,0,0,1015.3,97
612,傍林,2023-05-09 04:00,5.7,.1,0,1015.5,98
612,傍林,2023-05-09 05:00,5.1,0,0,1015.6,98
612,傍林,2023-05-09 06:00,5.2,0,0,1015.8,99
612,傍林,2023-05-09 07:00,6.9,.3,0,1016,95
612,傍林,2023-05-09 08:00,9.5,.8,0,1016,83
612,傍林,2023-05-09 09:00,14.7,.7,0,1015.8,66
612,傍林,2023-05-09 10:00,18.2,1.6,0,1015.6,52
612,傍林,2023-05-09 11:00,20.1,1.6,0,1014.9,41
612,傍林,2023-05-09 12:00,21.9,1.8,0,1014.1,39
612,傍林,2023-05-09 13:00,23.2,1.7,0,1013.1,36
612,傍林,2023-05-09 14:00,24.7,1.4,0,1012.2,31
612,傍林,2023-05-09 15:00,24.4,3,0,1011.7,29
612,傍林,2023-05-09 16:00,24.1,2.7,0,1011.3,33
612,傍林,2023-05-09 17:00,23.7,2.8,0,1011.2,38
612,傍林,2023-05-09 18:00,22.6,1.8,0,1011.2,38
612,傍林,2023-05-09 19:00,20.3,1.6,0,1011.8,41
612,傍林,2023-05-09 20:00,16,.2,0,1012.4,57
612,傍林,2023-05-09 21:00,14.5,.7,0,1013.6,56
612,傍林,2023-05-09 22:00,13.1,0,0,1013.8,61
612,傍林,2023-05-09 23:00,11.8,.1,0,1013.6,76
612,傍林,2023-05-10 00:00,11,0,0,1014.1,82
612,傍林,2023-05-10 01:00,10.4,.3,0,1014,85
612,傍林,2023-05-10 02:00,10.7,1,0,1014.1,80
612,傍林,2023-05-10 03:00,10.2,1.3,0,1013.8,85
612,傍林,2023-05-10 04:00,8.9,.2,0,1014,90
612,傍林,2023-05-10 05:00,8.6,.9,0,1014,91
612,傍林,2023-05-10 06:00,7.8,.1,0,1014.4,96
612,傍林,2023-05-10 07:00,8.4,.8,0,1015.1,92
612,傍林,2023-05-10 08:00,11,.9,0,1015.3,82
612,傍林,2023-05-10 09:00,14.2,.9,0,1015.5,74
612,傍林,2023-05-10 10:00,17.3,.8,0,1015.1,58
612,傍林,2023-05-10 11:00,19.9,1.4,0,1014.9,52
612,傍林,2023-05-10 12:00,21,1.4,0,1014.1,41
612,傍林,2023-05-10 13:00,22.3,1.5,0,1013.5,38
612,傍林,2023-05-10 14:00,24,1.1,0,1013,33
612,傍林,2023-05-10 15:00,24.8,.9,0,1012,31
612,傍林,2023-05-10 16:00,25.5,1.6,0,1011.5,26
612,傍林,2023-05-10 17:00,25.5,1.5,0,1011.4,25
612,傍林,2023-05-10 18:00,23.9,1.1,0,1011.8,28
612,傍林,2023-05-10 19:00,19.6,0,0,1012.2,47
612,傍林,2023-05-10 20:00,18.1,.8,0,1013,55
612,傍林,2023-05-10 21:00,15.4,0,0,1014,63
612,傍林,2023-05-10 22:00,14,0,0,1014.6,76
612,傍林,2023-05-10 23:00,12.3,.7,0,1014.8,83
612,傍林,2023-05-11 00:00,11.5,.5,0,1015.1,83
612,傍林,2023-05-11 01:00,10.4,.5,0,1015.4,88
612,傍林,2023-05-11 02:00,9.7,.1,0,1015.4,90
612,傍林,2023-05-11 03:00,9.2,0,0,1015.4,93
612,傍林,2023-05-11 04:00,8.4,.6,0,1015.6,94
612,傍林,2023-05-11 05:00,8.2,0,0,1015.7,95
612,傍林,2023-05-11 06:00,8,.1,0,1016.1,96
612,傍林,2023-05-11 07:00,9.9,.2,0,1016.4,89
612,傍林,2023-05-11 08:00,13.2,.3,0,1016.7,73
612,傍林,2023-05-11 09:00,18.2,.7,0,1016.5,59
612,傍林,2023-05-11 10:00,20.2,2.1,0,1016.2,53
612,傍林,2023-05-11 11:00,22.7,1.6,0,1015.9,47
612,傍林,2023-05-11 12:00,24.3,1.9,0,1015.3,40
612,傍林,2023-05-11 13:00,25.4,1.3,0,1014.7,27
612,傍林,2023-05-11 14:00,25.7,1.5,0,1014.1,24
612,傍林,2023-05-11 15:00,26.8,1.2,0,1013.3,20
612,傍林,2023-05-11 16:00,26.1,1.7,0,1012.6,21
612,傍林,2023-05-11 17:00,26.5,1.8,0,1012.6,26
612,傍林,2023-05-11 18:00,25,2.4,0,1012.5,34
612,傍林,2023-05-11 19:00,21,0,0,1012.9,40
612,傍林,2023-05-11 20:00,18.2,.1,0,1013.5,52
612,傍林,2023-05-11 21:00,16.6,.7,0,1014.7,62
612,傍林,2023-05-11 22:00,15.5,.2,0,1015.7,69
612,傍林,2023-05-11 23:00,14.8,.3,0,1016.3,70
612,傍林,2023-05-12 00:00,13.8,.3,0,1015.8,73
612,傍林,2023-05-12 01:00,13,.9,0,1015.7,76
612,傍林,2023-05-12 02:00,12.8,1,0,1015.7,79
612,傍林,2023-05-12 03:00,12.5,1.5,0,1015.7,83
612,傍林,2023-05-12 04:00,10.9,.7,0,1015.8,92
612,傍林,2023-05-12 05:00,10.4,0,0,1015.7,94
612,傍林,2023-05-12 06:00,10.6,.5,0,1015.6,92
612,傍林,2023-05-12 07:00,11.8,.9,0,1015.8,86
612,傍林,2023-05-12 08:00,13.8,1.2,0,1015.8,80
612,傍林,2023-05-12 09:00,16.1,1.2,0,1015.6,68
612,傍林,2023-05-12 10:00,18.9,.8,0,1015.3,51
612,傍林,2023-05-12 11:00,21.1,.6,0,1014.9,40
612,傍林,2023-05-12 12:00,22.5,.5,0,1014.4,38
612,傍林,2023-05-12 13:00,23.2,.7,0,1013.6,34
612,傍林,2023-05-12 14:00,23.8,1.2,0,1012.5,28
612,傍林,2023-05-12 15:00,24.3,1.2,0,1011.7,27
612,傍林,2023-05-12 16:00,23.9,.9,0,1011,32
612,傍林,2023-05-12 17:00,24.2,1.7,0,1010.8,33
612,傍林,2023-05-12 18:00,22.8,2.2,0,1010.9,31
612,傍林,2023-05-12 19:00,21.7,1.3,0,1011.2,39
612,傍林,2023-05-12 20:00,19.3,2.4,0,1012.2,44
612,傍林,2023-05-12 21:00,17.7,1.7,0,1013.2,51
612,傍林,2023-05-12 22:00,17,1.3,0,1013.5,50
612,傍林,2023-05-12 23:00,16.5,1.1,0,1013.8,56
612,傍林,2023-05-13 00:00,15.7,.6,0,1014,59
612,傍林,2023-05-13 01:00,15.8,.7,0,1013.6,62
612,傍林,2023-05-13 02:00,14.1,0,0,1012.9,74
612,傍林,2023-05-13 03:00,13.1,.5,0,1012.8,81
612,傍林,2023-05-13 04:00,12,0,0,1012.4,84
612,傍林,2023-05-13 05:00,11.7,0,0,1012.3,86
612,傍林,2023-05-13 06:00,12.1,.2,0,1012.1,83
612,傍林,2023-05-13 07:00,12.7,1.3,0,1012,81
612,傍林,2023-05-13 08:00,15.8,.9,0,1012.3,73
612,傍林,2023-05-13 09:00,17.6,.8,0,1012.1,69
612,傍林,2023-05-13 10:00,19.2,.9,0,1011.5,61
612,傍林,2023-05-13 11:00,21,1.9,0,1010.8,50
612,傍林,2023-05-13 12:00,22.8,.8,0,1010.1,47
612,傍林,2023-05-13 13:00,23.3,1.6,0,1008.8,45
612,傍林,2023-05-13 14:00,23.3,2,0,1007.9,44
612,傍林,2023-05-13 15:00,23.7,1.4,0,1007.2,41
612,傍林,2023-05-13 16:00,23.4,2,0,1006.9,38
612,傍林,2023-05-13 17:00,22.5,2.7,0,1006.5,40
612,傍林,2023-05-13 18:00,22.2,2.1,0,1006.6,43
612,傍林,2023-05-13 19:00,19.9,1.6,0,1007.3,44
612,傍林,2023-05-13 20:00,16.9,1.6,0,1008,55
612,傍林,2023-05-13 21:00,15.3,.1,0,1008.6,57
612,傍林,2023-05-13 22:00,14.3,0,0,1009,65
612,傍林,2023-05-13 23:00,12.7,.1,0,1009.1,75
612,傍林,2023-05-14 00:00,11.4,.4,0,1009,82
612,傍林,2023-05-14 01:00,10.3,0,0,1008.9,88
612,傍林,2023-05-14 02:00,9.6,.2,0,1008.4,89
612,傍林,2023-05-14 03:00,8.7,0,0,1008.3,92
612,傍林,2023-05-14 04:00,8.6,0,0,1008.3,95
612,傍林,2023-05-14 05:00,8.3,.5,0,1008.2,95
612,傍林,2023-05-14 06:00,8.1,0,0,1008.4,96
612,傍林,2023-05-14 07:00,10.2,0,0,1008.4,89
612,傍林,2023-05-14 08:00,12.4,.1,0,1008.6,80
612,傍林,2023-05-14 09:00,16.4,.9,0,1008.2,69
612,傍林,2023-05-14 10:00,19,1.1,0,1007.7,47
612,傍林,2023-05-14 11:00,21.1,1,0,1007.4,40
612,傍林,2023-05-14 12:00,22.6,1.4,0,1006.9,29
612,傍林,2023-05-14 13:00,23.9,1.3,0,1006,34
612,傍林,2023-05-14 14:00,25,1.4,0,1005.2,31
612,傍林,2023-05-14 15:00,25.1,1.9,0,1004.6,31
612,傍林,2023-05-14 16:00,24.2,1.4,0,1004.2,34
612,傍林,2023-05-14 17:00,24.7,3.3,0,1004.1,32
612,傍林,2023-05-14 18:00,23.5,3,0,1004.2,35
612,傍林,2023-05-14 19:00,21.1,1,0,1004.5,43
612,傍林,2023-05-14 20:00,17.9,0,0,1004.9,53
612,傍林,2023-05-14 21:00,15.5,0,0,1005.5,68
612,傍林,2023-05-14 22:00,14.7,0,0,1006,74
612,傍林,2023-05-14 23:00,13.7,0,0,1006.1,80
612,傍林,2023-05-15 00:00,11.9,0,0,1006.6,89
612,傍林,2023-05-15 01:00,10.9,.5,0,1006.7,90
612,傍林,2023-05-15 02:00,10.6,.1,0,1006.5,92
612,傍林,2023-05-15 03:00,9.9,0,0,1005.9,93
612,傍林,2023-05-15 04:00,9.5,.4,0,1005.9,96
612,傍林,2023-05-15 05:00,9.1,.4,0,1005.6,95
612,傍林,2023-05-15 06:00,9.3,1.1,0,1006,96
612,傍林,2023-05-15 07:00,11.2,.5,0,1006.2,85
612,傍林,2023-05-15 08:00,14.4,.3,0,1006.2,75
612,傍林,2023-05-15 09:00,17.4,.6,0,1006.7,64
612,傍林,2023-05-15 10:00,20.7,.9,0,1006.6,50
612,傍林,2023-05-15 11:00,23.8,1.4,0,1006.5,39
612,傍林,2023-05-15 12:00,24.3,2.1,0,1005.8,33
612,傍林,2023-05-15 13:00,25.1,2.5,0,1005.2,36
612,傍林,2023-05-15 14:00,26.5,1.9,0,1004.4,37
612,傍林,2023-05-15 15:00,27.6,1.4,0,1003.8,32
612,傍林,2023-05-15 16:00,27.7,1.8,0,1003.4,33
612,傍林,2023-05-15 17:00,27.4,3.1,0,1003.4,36
612,傍林,2023-05-15 18:00,27,1.7,0,1003.5,38
612,傍林,2023-05-15 19:00,25.1,2.1,0,1004.2,45
612,傍林,2023-05-15 20:00,22.3,1.3,0,1005,51
612,傍林,2023-05-15 21:00,19.9,0,0,1005.9,58
612,傍林,2023-05-15 22:00,18.4,.2,0,1006.9,66
612,傍林,2023-05-15 23:00,17.2,.4,0,1007.1,73
612,傍林,2023-05-16 00:00,16.2,.3,0,1007.4,82
612,傍林,2023-05-16 01:00,15.1,0,0,1007.4,85
612,傍林,2023-05-16 02:00,14.5,0,0,1007.3,89
612,傍林,2023-05-16 03:00,13.7,0,0,1007.4,90
612,傍林,2023-05-16 04:00,13.4,0,0,1007.6,93
612,傍林,2023-05-16 05:00,13.3,0,0,1007.8,95
612,傍林,2023-05-16 06:00,13.3,.7,0,1008.3,95
612,傍林,2023-05-16 07:00,15,0,0,1008.7,88
612,傍林,2023-05-16 08:00,17.5,.6,0,1008.8,75
612,傍林,2023-05-16 09:00,20.7,.9,0,1008.8,62
612,傍林,2023-05-16 10:00,24.8,.8,0,1008.5,53
612,傍林,2023-05-16 11:00,27,2.3,0,1008.2,40
612,傍林,2023-05-16 12:00,27.7,3.2,0,1007.8,38
612,傍林,2023-05-16 13:00,29.3,3,0,1007.2,33
612,傍林,2023-05-16 14:00,30.5,3.7,0,1006.7,31
612,傍林,2023-05-16 15:00,30.2,3.3,0,1006.6,28
612,傍林,2023-05-16 16:00,29.8,2.9,0,1006.5,26
612,傍林,2023-05-16 17:00,29.2,3,0,1006.6,26
612,傍林,2023-05-16 18:00,28.7,1.9,0,1006.6,27
612,傍林,2023-05-16 19:00,25.9,2.2,0,1007.1,32
612,傍林,2023-05-16 20:00,22.7,.7,0,1007.7,41
612,傍林,2023-05-16 21:00,22.2,1.6,0,1008.5,42
612,傍林,2023-05-16 22:00,19.8,.2,0,1009.4,51
612,傍林,2023-05-16 23:00,17.7,.3,0,1010.3,60
612,傍林,2023-05-17 00:00,17.8,1.6,0,1010.6,63
612,傍林,2023-05-17 01:00,16.3,.7,0,1010.7,71
612,傍林,2023-05-17 02:00,14.8,0,0,1010.5,78
612,傍林,2023-05-17 03:00,14.7,.9,0,1010.7,80
612,傍林,2023-05-17 04:00,15,1.4,0,1010.7,81
612,傍林,2023-05-17 05:00,14.4,2.2,0,1010.8,87
612,傍林,2023-05-17 06:00,13.8,0,0,1011.2,89
612,傍林,2023-05-17 07:00,17.1,0,0,1011.5,81
612,傍林,2023-05-17 08:00,20.2,.8,0,1011.1,64
612,傍林,2023-05-17 09:00,23,.5,0,1011.1,53
612,傍林,2023-05-17 10:00,25.8,2.8,0,1010.9,38
612,傍林,2023-05-17 11:00,26.8,3,0,1010.9,38
612,傍林,2023-05-17 12:00,28.3,3.2,0,1010.3,31
612,傍林,2023-05-17 13:00,29.3,2.8,0,1009.6,28
612,傍林,2023-05-17 14:00,29.7,3.1,0,1009.2,28
612,傍林,2023-05-17 15:00,29.4,3.4,0,1008.7,31
612,傍林,2023-05-17 16:00,28.9,3.3,0,1008.5,33
612,傍林,2023-05-17 17:00,28.1,3.2,0,1008.4,30
612,傍林,2023-05-17 18:00,27.4,2.9,0,1008.5,34
612,傍林,2023-05-17 19:00,25.7,2.2,0,1009.1,37
612,傍林,2023-05-17 20:00,21.8,1,0,1009.8,53
612,傍林,2023-05-17 21:00,21.3,.9,0,1010.7,65
612,傍林,2023-05-17 22:00,19.8,0,0,1011.2,73
612,傍林,2023-05-17 23:00,18.1,0,0,1011,78
612,傍林,2023-05-18 00:00,17.5,.2,0,1010.4,85
612,傍林,2023-05-18 01:00,17.2,.9,0,1009.7,88
612,傍林,2023-05-18 02:00,17.1,.5,0,1009.4,89
612,傍林,2023-05-18 03:00,17.5,.2,0,1009.4,90
612,傍林,2023-05-18 04:00,17.4,.3,0,1009.4,90
612,傍林,2023-05-18 05:00,17.4,.5,0,1009,90
612,傍林,2023-05-18 06:00,17.6,.5,0,1009.3,91
612,傍林,2023-05-18 07:00,18.2,1.2,0,1009.4,90
612,傍林,2023-05-18 08:00,19.3,1.2,0,1009.5,81
612,傍林,2023-05-18 09:00,19.6,1.6,0,1008.8,84
612,傍林,2023-05-18 10:00,20.7,1.3,0,1008.7,77
612,傍林,2023-05-18 11:00,21.7,1,0,1008.3,68
612,傍林,2023-05-18 12:00,22.7,4.1,0,1008.2,45
612,傍林,2023-05-18 13:00,21.4,3.1,0,1007.9,51
612,傍林,2023-05-18 14:00,21.2,4,0,1007.4,55
612,傍林,2023-05-18 15:00,20.4,3.7,0,1007,63
612,傍林,2023-05-18 16:00,20.3,3.1,0,1006.4,66
612,傍林,2023-05-18 17:00,19.7,2.8,0,1006.2,66
612,傍林,2023-05-18 18:00,19.4,2.8,0,1005.9,67
612,傍林,2023-05-18 19:00,18.8,2.9,0,1005.9,68
612,傍林,2023-05-18 20:00,18.7,1.2,0,1006,68
612,傍林,2023-05-18 21:00,18.2,.8,0,1006.5,68
612,傍林,2023-05-18 22:00,18.3,2.4,0,1006.6,69
612,傍林,2023-05-18 23:00,18.1,.8,0,1006.4,70
612,傍林,2023-05-19 00:00,18,1.2,0,1005.9,71
612,傍林,2023-05-19 01:00,17,1.7,0,1005.4,75
612,傍林,2023-05-19 02:00,16.5,1.6,0,1005.1,80
612,傍林,2023-05-19 03:00,14.6,.9,0,1004.7,88
612,傍林,2023-05-19 04:00,14.2,.8,0,1004.3,89
612,傍林,2023-05-19 05:00,13.6,.7,0,1005.1,92
612,傍林,2023-05-19 06:00,15.8,1.1,0,1005.5,82
612,傍林,2023-05-19 07:00,17.3,.6,0,1005.7,76
612,傍林,2023-05-19 08:00,20,2.1,0,1006,64
612,傍林,2023-05-19 09:00,21.6,2.6,0,1006.1,59
612,傍林,2023-05-19 10:00,21.5,2.3,0,1006.6,58
612,傍林,2023-05-19 11:00,22.8,3.1,0,1006.6,55
612,傍林,2023-05-19 12:00,22.9,3.4,0,1006.3,52
612,傍林,2023-05-19 13:00,23.7,2.7,0,1006.1,51
612,傍林,2023-05-19 14:00,24.2,2.5,0,1006,51
612,傍林,2023-05-19 15:00,24,1.4,0,1005.8,50
612,傍林,2023-05-19 16:00,24.7,2.7,0,1005.2,46
612,傍林,2023-05-19 17:00,24.5,1.7,0,1004.8,49
612,傍林,2023-05-19 18:00,24.5,2.4,0,1004.7,48
612,傍林,2023-05-19 19:00,22.7,.5,0,1005.6,56
612,傍林,2023-05-19 20:00,21.5,.4,0,1006.4,63
612,傍林,2023-05-19 21:00,18.9,0,0,1007.1,75
612,傍林,2023-05-19 22:00,17.8,0,0,1007.8,81
612,傍林,2023-05-19 23:00,16.9,0,0,1008,86
612,傍林,2023-05-20 00:00,15.7,.3,0,1007.7,91
612,傍林,2023-05-20 01:00,15.2,0,0,1007.3,94
612,傍林,2023-05-20 02:00,14.5,.6,0,1007.8,95
612,傍林,2023-05-20 03:00,14,0,0,1008.1,95
612,傍林,2023-05-20 04:00,13.8,.2,0,1008,97
612,傍林,2023-05-20 05:00,13.2,.1,0,1008.3,97
612,傍林,2023-05-20 06:00,13.2,.3,0,1008.8,98
612,傍林,2023-05-20 07:00,16.1,0,0,1009.4,91
612,傍林,2023-05-20 08:00,18.9,.5,0,1009,77
612,傍林,2023-05-20 09:00,21.2,.8,0,1008.7,68
612,傍林,2023-05-20 10:00,22.8,2,0,1008.4,61
612,傍林,2023-05-20 11:00,24.1,2.1,0,1007.8,57
612,傍林,2023-05-20 12:00,24.1,2.3,0,1008,59
612,傍林,2023-05-20 13:00,25.7,2.5,0,1007.2,49
612,傍林,2023-05-20 14:00,26.5,2.2,0,1006.6,44
612,傍林,2023-05-20 15:00,26.6,1.9,0,1006.3,48
612,傍林,2023-05-20 16:00,25.4,3.7,0,1006.3,51
612,傍林,2023-05-20 17:00,24.8,3.3,0,1006.4,53
612,傍林,2023-05-20 18:00,24.2,2.5,0,1006,52
612,傍林,2023-05-20 19:00,22.5,2.5,0,1006.3,53
612,傍林,2023-05-20 20:00,20,2.5,0,1007.4,68
612,傍林,2023-05-20 21:00,17.9,1.8,0,1008.9,79
612,傍林,2023-05-20 22:00,16.7,1.9,0,1009.6,84
612,傍林,2023-05-20 23:00,16.1,2.1,0,1009.2,85
612,傍林,2023-05-21 00:00,16,1.9,0,1008.1,85
612,傍林,2023-05-21 01:00,16.3,2.3,0,1008.1,85
612,傍林,2023-05-21 02:00,16.2,2.2,0,1008,84
612,傍林,2023-05-21 03:00,16.1,2.3,0,1007.8,85
612,傍林,2023-05-21 04:00,15.9,1.9,0,1007.6,86
612,傍林,2023-05-21 05:00,15.9,1.1,0,1007.2,86
612,傍林,2023-05-21 06:00,16,1.5,0,1007.5,84
612,傍林,2023-05-21 07:00,16,1.6,0,1007.7,83
612,傍林,2023-05-21 08:00,16.3,1.8,0,1007.9,81
612,傍林,2023-05-21 09:00,17.1,2,0,1007.6,79
612,傍林,2023-05-21 10:00,17.4,2.3,0,1007.8,77
612,傍林,2023-05-21 11:00,17.6,2.2,0,1008,75
612,傍林,2023-05-21 12:00,19.8,2.7,0,1007.2,62
612,傍林,2023-05-21 13:00,21.8,2.4,0,1006.8,54
612,傍林,2023-05-21 14:00,22.2,2.2,0,1006.5,52
612,傍林,2023-05-21 15:00,22.9,2.8,0,1006.1,53
612,傍林,2023-05-21 16:00,23.1,2.5,0,1005.9,53
612,傍林,2023-05-21 17:00,21.7,2.8,0,1006.1,53
612,傍林,2023-05-21 18:00,20.4,3.5,0,1006.3,56
612,傍林,2023-05-21 19:00,19.6,1.5,0,1006.5,58
612,傍林,2023-05-21 20:00,17,.3,0,1006.6,72
612,傍林,2023-05-21 21:00,17.4,1.8,0,1007,71
612,傍林,2023-05-21 22:00,16.9,1.1,0,1007.5,78
612,傍林,2023-05-21 23:00,16.5,2,0,1007.5,82
612,傍林,2023-05-22 00:00,16.1,1.4,0,1007,84
612,傍林,2023-05-22 01:00,15.8,1.4,0,1006.9,84
612,傍林,2023-05-22 02:00,15.6,.4,0,1006.3,85
612,傍林,2023-05-22 03:00,15.3,1.5,0,1005.8,87
612,傍林,2023-05-22 04:00,15,1,0,1005.6,89
612,傍林,2023-05-22 05:00,14.9,1.4,0,1005.9,92
612,傍林,2023-05-22 06:00,14.6,.6,0,1006.1,91
612,傍林,2023-05-22 07:00,15,1,0,1007,84
612,傍林,2023-05-22 08:00,15.4,.8,0,1006.3,82
612,傍林,2023-05-22 09:00,15.4,.4,0,1006.3,83
612,傍林,2023-05-22 10:00,16.3,1.8,0,1005.7,80
612,傍林,2023-05-22 11:00,16.8,.9,0,1005.9,76
612,傍林,2023-05-22 12:00,18.5,.7,0,1005.7,67
612,傍林,2023-05-22 13:00,18.9,1.5,0,1005.1,63
612,傍林,2023-05-22 14:00,19.6,2.3,0,1004.8,60
612,傍林,2023-05-22 15:00,20.9,1.5,0,1004.4,52
612,傍林,2023-05-22 16:00,21.9,2.2,0,1004.1,46
612,傍林,2023-05-22 17:00,21.8,1.3,0,1003.9,44
612,傍林,2023-05-22 18:00,21.7,1.3,0,1003.8,46
612,傍林,2023-05-22 19:00,19.2,.2,0,1004.2,60
612,傍林,2023-05-22 20:00,18.5,1.7,0,1005,71
612,傍林,2023-05-22 21:00,17.7,.9,0,1005.8,70
612,傍林,2023-05-22 22:00,15.8,.3,0,1006.5,79
612,傍林,2023-05-22 23:00,16.6,2.3,0,1007.6,76
612,傍林,2023-05-23 00:00,14.1,1.6,1.5,1007.4,86
612,傍林,2023-05-23 01:00,12.5,.6,0,1007.3,96
612,傍林,2023-05-23 02:00,12.3,.4,0,1006.8,98
612,傍林,2023-05-23 03:00,12,.2,0,1006.7,97
612,傍林,2023-05-23 04:00,11.9,.6,0,1006.8,99
612,傍林,2023-05-23 05:00,11.3,.7,0,1007,100
612,傍林,2023-05-23 06:00,11.4,.6,0,1007.4,100
612,傍林,2023-05-23 07:00,11.6,.2,0,1007.6,100
612,傍林,2023-05-23 08:00,11.9,.3,0,1008.1,100
612,傍林,2023-05-23 09:00,14.5,1.1,0,1008.4,87
612,傍林,2023-05-23 10:00,18,.6,0,1008.1,70
612,傍林,2023-05-23 11:00,20.6,1.3,0,1007.8,55
612,傍林,2023-05-23 12:00,21.9,1,0,1007.4,50
612,傍林,2023-05-23 13:00,23.2,1.5,0,1007,45
612,傍林,2023-05-23 14:00,24.2,2.2,0,1006.5,43
612,傍林,2023-05-23 15:00,24.5,2,0,1006,29
612,傍林,2023-05-23 16:00,25.4,1.7,0,1005.8,29
612,傍林,2023-05-23 17:00,25.8,1.1,0,1006,31
612,傍林,2023-05-23 18:00,24.6,.8,0,1006.2,33
612,傍林,2023-05-23 19:00,21.2,.5,0,1006.5,45
612,傍林,2023-05-23 20:00,18.6,.8,0,1007.4,63
612,傍林,2023-05-23 21:00,17.2,0,0,1008.6,69
612,傍林,2023-05-23 22:00,16.1,.1,0,1009.6,75
612,傍林,2023-05-23 23:00,15.2,0,0,1010.1,79
612,傍林,2023-05-24 00:00,13.9,.1,0,1010.7,87
612,傍林,2023-05-24 01:00,13.1,.1,0,1010.6,91
612,傍林,2023-05-24 02:00,13,.6,0,1010.7,90
612,傍林,2023-05-24 03:00,12.5,.8,0,1011.1,91
612,傍林,2023-05-24 04:00,11.4,0,0,1011.3,95
612,傍林,2023-05-24 05:00,10.9,0,0,1011.1,96
612,傍林,2023-05-24 06:00,10.9,0,0,1011.3,97
612,傍林,2023-05-24 07:00,13.1,.4,0,1011.6,87
612,傍林,2023-05-24 08:00,15,.7,0,1012,80
612,傍林,2023-05-24 09:00,17.8,.6,0,1012.2,71
612,傍林,2023-05-24 10:00,19.7,.3,0,1012.2,64
612,傍林,2023-05-24 11:00,22.3,.7,0,1012,53
612,傍林,2023-05-24 12:00,23.9,1,0,1011.7,40
612,傍林,2023-05-24 13:00,25.8,1.1,0,1011.2,33
612,傍林,2023-05-24 14:00,25.5,1.2,0,1010.6,32
612,傍林,2023-05-24 15:00,26.1,2,0,1010.2,24
612,傍林,2023-05-24 16:00,25.1,2,0,1010.3,28
612,傍林,2023-05-24 17:00,24.9,1.8,0,1010.2,28
612,傍林,2023-05-24 18:00,23.9,1,0,1010.5,39
612,傍林,2023-05-24 19:00,22.5,1.5,0,1011,46
612,傍林,2023-05-24 20:00,21.5,1.1,0,1011.3,51
612,傍林,2023-05-24 21:00,20.7,1.6,0,1012.6,53
612,傍林,2023-05-24 22:00,19.5,1.5,0,1013.4,58
612,傍林,2023-05-24 23:00,18.6,1.4,0,1013.6,64
612,傍林,2023-05-25 00:00,18.4,1.3,0,1013.6,62
612,傍林,2023-05-25 01:00,17.6,1.1,0,1013.6,65
612,傍林,2023-05-25 02:00,16.7,1.2,0,1013.5,73
612,傍林,2023-05-25 03:00,15.8,.5,0,1013.6,76
612,傍林,2023-05-25 04:00,15.4,1.4,0,1013.5,79
612,傍林,2023-05-25 05:00,13.6,.3,0,1013.6,85
612,傍林,2023-05-25 06:00,13.5,.5,0,1014.2,88
612,傍林,2023-05-25 07:00,14.4,.6,0,1015,83
612,傍林,2023-05-25 08:00,16.1,1,0,1015.4,74
612,傍林,2023-05-25 09:00,19.2,.6,0,1015,61
612,傍林,2023-05-25 10:00,21.8,1.9,0,1014,39
612,傍林,2023-05-25 11:00,23.2,2.1,0,1013.5,38
612,傍林,2023-05-25 12:00,24.7,1.7,0,1013,31
612,傍林,2023-05-25 13:00,26.6,1.4,0,1012.7,32
612,傍林,2023-05-25 14:00,26.6,1.9,0,1012.2,28
612,傍林,2023-05-25 15:00,26.7,1.8,0,1011.6,27
612,傍林,2023-05-25 16:00,26.4,1.9,0,1011.2,28
612,傍林,2023-05-25 17:00,25.4,2.7,0,1010.6,32
612,傍林,2023-05-25 18:00,23.5,2.6,0,1010.8,35
612,傍林,2023-05-25 19:00,22.2,2.4,0,1012.7,36
612,傍林,2023-05-25 20:00,20.8,1.5,0,1013,42
612,傍林,2023-05-25 21:00,19.7,.5,0,1013.1,50
612,傍林,2023-05-25 22:00,18.9,1,0,1013.6,51
612,傍林,2023-05-25 23:00,17.4,.1,0,1013.9,58
612,傍林,2023-05-26 00:00,17.7,.8,0,1014.3,59
612,傍林,2023-05-26 01:00,16.4,0,0,1014.4,64
612,傍林,2023-05-26 02:00,16.9,.2,0,1014.6,66
612,傍林,2023-05-26 03:00,15.6,0,0,1014.6,79
612,傍林,2023-05-26 04:00,15.6,1,0,1015,79
612,傍林,2023-05-26 05:00,14.9,.6,0,1015.2,84
612,傍林,2023-05-26 06:00,14.6,1.6,0,1015.5,86
612,傍林,2023-05-26 07:00,15.4,.3,0,1016.3,82
612,傍林,2023-05-26 08:00,19.5,.7,0,1016.2,65
612,傍林,2023-05-26 09:00,20.5,1.4,0,1016.1,53
612,傍林,2023-05-26 10:00,22.1,1.1,0,1015.8,46
612,傍林,2023-05-26 11:00,23.8,1.3,0,1015.6,44
612,傍林,2023-05-26 12:00,23.9,2.1,0,1015.4,43
612,傍林,2023-05-26 13:00,25.5,2,0,1015,44
612,傍林,2023-05-26 14:00,24.5,2.3,0,1014.9,47
612,傍林,2023-05-26 15:00,25.9,1.8,0,1014.5,46
612,傍林,2023-05-26 16:00,25.1,1.4,0,1014.3,46
612,傍林,2023-05-26 17:00,25.5,1.4,0,1014.3,46
612,傍林,2023-05-26 18:00,25.1,1.8,0,1014.4,49
612,傍林,2023-05-26 19:00,24.3,.6,0,1014.4,54
612,傍林,2023-05-26 20:00,22.7,.7,0,1014.5,58
612,傍林,2023-05-26 21:00,21.1,.1,0,1014.7,68
612,傍林,2023-05-26 22:00,21.3,.1,0,1015.7,71
612,傍林,2023-05-26 23:00,20.7,.5,0,1015.6,73
612,傍林,2023-05-27 00:00,19.8,0,0,1015.4,78
612,傍林,2023-05-27 01:00,19.7,.3,0,1015.3,77
612,傍林,2023-05-27 02:00,19.2,.7,0,1014.9,79
612,傍林,2023-05-27 03:00,19,1,0,1015.4,81
612,傍林,2023-05-27 04:00,18.8,.2,0,1015.6,81
612,傍林,2023-05-27 05:00,18.7,.2,0,1015.7,81
612,傍林,2023-05-27 06:00,19.2,.2,0,1015.7,83
612,傍林,2023-05-27 07:00,18.5,.8,0,1016.3,94
612,傍林,2023-05-27 08:00,18.7,.8,.5,1015.8,96
612,傍林,2023-05-27 09:00,19.1,.7,0,1016,94
612,傍林,2023-05-27 10:00,19.3,1.4,0,1015.9,94
612,傍林,2023-05-27 11:00,19.9,.8,0,1015.9,92
612,傍林,2023-05-27 12:00,19.6,1,2.5,1015.9,95
612,傍林,2023-05-27 13:00,19.8,1.2,2,1015,96
612,傍林,2023-05-27 14:00,20.3,1.2,.5,1014.3,92
612,傍林,2023-05-27 15:00,20.3,2.1,0,1013.7,90
612,傍林,2023-05-27 16:00,20.5,2.2,0,1012.8,91
612,傍林,2023-05-27 17:00,20.8,1.9,0,1012.4,89
612,傍林,2023-05-27 18:00,20.7,1.3,0,1012.2,92
612,傍林,2023-05-27 19:00,20.6,.6,0,1012.7,90
612,傍林,2023-05-27 20:00,19.9,.1,0,1012.6,95
612,傍林,2023-05-27 21:00,19.5,1,0,1012.7,98
612,傍林,2023-05-27 22:00,19.7,0,0,1013,97
612,傍林,2023-05-27 23:00,19.6,.5,0,1012.8,97
612,傍林,2023-05-28 00:00,19.5,.9,0,1012.5,98
612,傍林,2023-05-28 01:00,19.4,.3,0,1012,98
612,傍林,2023-05-28 02:00,19.1,0,0,1011.5,98
612,傍林,2023-05-28 03:00,19.9,1.6,0,1011.2,87
612,傍林,2023-05-28 04:00,18.7,.3,.5,1011.4,95
612,傍林,2023-05-28 05:00,18.3,.8,.5,1011.1,97
612,傍林,2023-05-28 06:00,18.2,.7,1,1010.9,98
612,傍林,2023-05-28 07:00,18.4,0,3,1011,99
612,傍林,2023-05-28 08:00,18.8,.2,1,1010.5,98
612,傍林,2023-05-28 09:00,19,.1,1.5,1010.6,98
612,傍林,2023-05-28 10:00,19.9,.9,.5,1010.4,96
612,傍林,2023-05-28 11:00,20.4,.9,1,1010.3,95
612,傍林,2023-05-28 12:00,21,2.3,0,1009.9,93
612,傍林,2023-05-28 13:00,21.5,2,0,1009.5,90
612,傍林,2023-05-28 14:00,20.8,2,6.5,1009.5,97
612,傍林,2023-05-28 15:00,20.6,2.3,3,1009.2,96
612,傍林,2023-05-28 16:00,20.6,1.6,4,1008.9,95
612,傍林,2023-05-28 17:00,20.6,.2,1.5,1008.4,98
612,傍林,2023-05-28 18:00,20.7,.3,3.5,1008.4,98
612,傍林,2023-05-28 19:00,20.8,1.6,3,1008.8,99
612,傍林,2023-05-28 20:00,20.3,1.3,2.5,1009.2,96
612,傍林,2023-05-28 21:00,20,.8,2,1009.4,98
612,傍林,2023-05-28 22:00,19.4,0,5,1009.5,99
612,傍林,2023-05-28 23:00,19.5,.3,6,1009.7,99
612,傍林,2023-05-29 00:00,19.3,0,5.5,1009.1,99
612,傍林,2023-05-29 01:00,19.3,.7,8.5,1008.5,100
612,傍林,2023-05-29 02:00,19.5,.2,10.5,1007.2,100
612,傍林,2023-05-29 03:00,19.7,0,3.5,1006.7,100
612,傍林,2023-05-29 04:00,20,0,1,1006.5,100
612,傍林,2023-05-29 05:00,20,1,0,1006.5,99
612,傍林,2023-05-29 06:00,19.3,.4,0,1006.4,98
612,傍林,2023-05-29 07:00,19.3,0,.5,1007,98
612,傍林,2023-05-29 08:00,19.5,.5,0,1007.4,98
612,傍林,2023-05-29 09:00,19.9,.4,.5,1007.1,96
612,傍林,2023-05-29 10:00,20.2,1.4,1,1007,93
612,傍林,2023-05-29 11:00,20.1,1.5,0,1007.4,94
612,傍林,2023-05-29 12:00,20.4,.7,0,1007.5,93
612,傍林,2023-05-29 13:00,21,.4,0,1007.4,88
612,傍林,2023-05-29 14:00,22.2,.5,0,1006.9,79
612,傍林,2023-05-29 15:00,22.2,.4,0,1006.9,85
612,傍林,2023-05-29 16:00,22.1,.1,0,1006.9,86
612,傍林,2023-05-29 17:00,22,0,0,1007,89
612,傍林,2023-05-29 18:00,22.3,.6,0,1007,89
612,傍林,2023-05-29 19:00,22.2,1.6,0,1007.4,88
612,傍林,2023-05-29 20:00,21,0,0,1007.9,96
612,傍林,2023-05-29 21:00,20.7,.6,0,1008.1,96
612,傍林,2023-05-29 22:00,20.7,1.5,0,1008.5,88
612,傍林,2023-05-29 23:00,19.6,.9,0,1008.4,93
612,傍林,2023-05-30 00:00,18.5,1.3,0,1008.4,96
612,傍林,2023-05-30 01:00,18,.3,0,1008.4,98
612,傍林,2023-05-30 02:00,17.1,0,0,1008.3,99
612,傍林,2023-05-30 03:00,16.9,.7,0,1007.9,99
612,傍林,2023-05-30 04:00,16.5,.4,0,1007.8,99
612,傍林,2023-05-30 05:00,17,1.3,0,1008,100
612,傍林,2023-05-30 06:00,16.9,0,0,1008.4,100
612,傍林,2023-05-30 07:00,17.8,1.2,0,1008,100
612,傍林,2023-05-30 08:00,20.2,1.4,0,1007.5,89
612,傍林,2023-05-30 09:00,22,2.6,0,1007.8,77
612,傍林,2023-05-30 10:00,23.8,2.5,0,1007.1,71
612,傍林,2023-05-30 11:00,24.5,3.3,0,1006.7,69
612,傍林,2023-05-30 12:00,25.9,2.9,0,1006.7,60
612,傍林,2023-05-30 13:00,25.1,3.7,0,1006.1,60
612,傍林,2023-05-30 14:00,25.6,3.4,0,1005.9,59
612,傍林,2023-05-30 15:00,24.7,2.5,0,1005.9,60
612,傍林,2023-05-30 16:00,25.1,2.2,0,1005.9,62
612,傍林,2023-05-30 17:00,24.9,2.6,0,1005.7,62
612,傍林,2023-05-30 18:00,24.1,1.5,0,1005.5,65
612,傍林,2023-05-30 19:00,23.3,2,0,1006.1,68
612,傍林,2023-05-30 20:00,22.5,1.6,0,1006.4,73
612,傍林,2023-05-30 21:00,22.1,2.1,0,1006.1,71
612,傍林,2023-05-30 22:00,21.2,1.5,0,1007,75
612,傍林,2023-05-30 23:00,21,1.7,0,1007.2,73
612,傍林,2023-05-31 00:00,20.1,2.3,0,1007.7,68
612,傍林,2023-05-31 01:00,19.2,.4,0,1007.8,71
612,傍林,2023-05-31 02:00,18.4,1.8,0,1007.9,74
612,傍林,2023-05-31 03:00,18.4,2.3,0,1007.8,71
612,傍林,2023-05-31 04:00,18,2.6,0,1007.8,69
612,傍林,2023-05-31 05:00,17.8,2.3,0,1008.1,69
612,傍林,2023-05-31 06:00,17.6,2.4,0,1008.6,68
612,傍林,2023-05-31 07:00,17.8,2.3,0,1008.6,66
612,傍林,2023-05-31 08:00,18.8,1.7,0,1009.5,65
612,傍林,2023-05-31 09:00,19.9,1.7,0,1009.7,59
612,傍林,2023-05-31 10:00,22.3,2.4,0,1009.1,49
612,傍林,2023-05-31 11:00,24.2,1.9,0,1008.2,44
612,傍林,2023-05-31 12:00,25.1,1.7,0,1008.1,41
612,傍林,2023-05-31 13:00,25.7,1.9,0,1007.7,39
612,傍林,2023-05-31 14:00,26.6,2,0,1006.9,41
612,傍林,2023-05-31 15:00,27.5,.6,0,1006.4,37
612,傍林,2023-05-31 16:00,27.8,1,0,1005.8,38
612,傍林,2023-05-31 17:00,27.8,1.3,0,1005.5,38
612,傍林,2023-05-31 18:00,26.6,0,0,1005.2,41
612,傍林,2023-05-31 19:00,23.7,1.3,0,1005.4,55
612,傍林,2023-05-31 20:00,21.5,0,0,1005.7,65
612,傍林,2023-05-31 21:00,20.6,.6,0,1006.9,72
612,傍林,2023-05-31 22:00,19.8,1.6,0,1007.5,73
612,傍林,2023-05-31 23:00,18.2,.3,0,1007.6,83
612,傍林,2023-06-01 00:00,17.4,0,0,1007,89
612,傍林,2023-06-01 01:00,17.4,0,0,1006.5,91
612,傍林,2023-06-01 02:00,17.2,0,0,1006.5,94
612,傍林,2023-06-01 03:00,16.9,0,0,1006.2,95
612,傍林,2023-06-01 04:00,17.6,.6,0,1005.8,94
612,傍林,2023-06-01 05:00,17,.2,0,1005.8,95
612,傍林,2023-06-01 06:00,17.2,.1,0,1005.8,95
612,傍林,2023-06-01 07:00,18.3,.2,0,1005.7,91
612,傍林,2023-06-01 08:00,20.8,.1,0,1005.2,81
612,傍林,2023-06-01 09:00,21.3,1.3,0,1005.1,76
612,傍林,2023-06-01 10:00,22.7,1.7,0,1004.9,70
612,傍林,2023-06-01 11:00,23.5,.6,0,1004.4,65
612,傍林,2023-06-01 12:00,23.9,1.6,0,1004,63
612,傍林,2023-06-01 13:00,24.9,1.6,0,1003.2,57
612,傍林,2023-06-01 14:00,25.8,1.3,0,1002.2,54
612,傍林,2023-06-01 15:00,26.2,1.3,0,1001.5,54
612,傍林,2023-06-01 16:00,26.1,1.4,0,1000.8,54
612,傍林,2023-06-01 17:00,25.1,2.2,0,1000.4,59
612,傍林,2023-06-01 18:00,24.3,2.2,0,1000.3,67
612,傍林,2023-06-01 19:00,24.1,1.6,0,1000.2,64
612,傍林,2023-06-01 20:00,22.7,.8,0,1000.5,70
612,傍林,2023-06-01 21:00,22,.8,0,1000.8,76
612,傍林,2023-06-01 22:00,21.8,1.2,0,1001,74
612,傍林,2023-06-01 23:00,21.4,1,0,1001,77
612,傍林,2023-06-02 00:00,21,.8,0,1000.9,76
612,傍林,2023-06-02 01:00,20.6,1.2,0,1000.8,78
612,傍林,2023-06-02 02:00,20.1,1.3,0,1000.5,83
612,傍林,2023-06-02 03:00,19.6,.8,0,999.7,86
612,傍林,2023-06-02 04:00,19.1,.4,0,999.7,88
612,傍林,2023-06-02 05:00,17.9,.2,0,999.6,93
612,傍林,2023-06-02 06:00,17.9,.7,0,999.6,89
612,傍林,2023-06-02 07:00,19.1,.2,0,999.4,82
612,傍林,2023-06-02 08:00,21,.5,0,999.4,76
612,傍林,2023-06-02 09:00,21,.8,0,998.9,72
612,傍林,2023-06-02 10:00,22.7,.7,0,998.7,67
612,傍林,2023-06-02 11:00,24.1,1.1,0,999,64
612,傍林,2023-06-02 12:00,24.1,2.3,0,999,62
612,傍林,2023-06-02 13:00,25.5,2.3,0,998.7,59
612,傍林,2023-06-02 14:00,25.3,3.1,0,998.3,55
612,傍林,2023-06-02 15:00,25.3,3.1,0,998.2,52
612,傍林,2023-06-02 16:00,25.7,3.2,0,998.6,50
612,傍林,2023-06-02 17:00,24.8,2.6,0,998.4,53
612,傍林,2023-06-02 18:00,23.8,2.4,0,998.7,58
612,傍林,2023-06-02 19:00,22.8,1.8,0,999.7,63
612,傍林,2023-06-02 20:00,21.3,.9,0,1000.4,68
612,傍林,2023-06-02 21:00,19.6,.9,0,1001.4,80
612,傍林,2023-06-02 22:00,19.7,1.8,0,1002.4,80
612,傍林,2023-06-02 23:00,18,.6,0,1002.6,87
612,傍林,2023-06-03 00:00,17.1,.5,0,1002.9,92
612,傍林,2023-06-03 01:00,16.7,.6,0,1003.1,92
612,傍林,2023-06-03 02:00,16.3,.8,0,1003.2,94
612,傍林,2023-06-03 03:00,15.4,.3,0,1003.3,97
612,傍林,2023-06-03 04:00,15.1,0,0,1003.8,97
612,傍林,2023-06-03 05:00,15.2,.7,0,1004,97
612,傍林,2023-06-03 06:00,16.3,1.2,0,1004.9,96
612,傍林,2023-06-03 07:00,16.7,1.5,0,1005.5,93
612,傍林,2023-06-03 08:00,18,1.6,0,1006,84
612,傍林,2023-06-03 09:00,20.7,1.5,0,1006.3,72
612,傍林,2023-06-03 10:00,23,1.1,0,1006.5,64
612,傍林,2023-06-03 11:00,23.9,1.4,0,1006.5,48
612,傍林,2023-06-03 12:00,26.7,1.9,0,1005.9,39
612,傍林,2023-06-03 13:00,27.5,2.3,0,1005.7,26
612,傍林,2023-06-03 14:00,26.9,3.5,0,1005.6,25
612,傍林,2023-06-03 15:00,27.8,2.3,0,1005.3,29
612,傍林,2023-06-03 16:00,26.9,3.4,0,1005.4,25
612,傍林,2023-06-03 17:00,26.8,4.1,0,1005.4,25
612,傍林,2023-06-03 18:00,26.1,2.2,0,1005.6,26
612,傍林,2023-06-03 19:00,24.3,2.3,0,1005.9,29
612,傍林,2023-06-03 20:00,20.3,.5,0,1006.3,46
612,傍林,2023-06-03 21:00,19.1,0,0,1007,54
612,傍林,2023-06-03 22:00,18.2,.2,0,1007.6,62
612,傍林,2023-06-03 23:00,19.9,.9,0,1007.7,50
612,傍林,2023-06-04 00:00,19.3,1.4,0,1007.8,56
612,傍林,2023-06-04 01:00,17.3,.1,0,1008.2,65
612,傍林,2023-06-04 02:00,16.5,.3,0,1007.9,72
612,傍林,2023-06-04 03:00,16.5,1,0,1008,76
612,傍林,2023-06-04 04:00,16.5,1.3,0,1008.5,78
612,傍林,2023-06-04 05:00,16,1.4,0,1008.6,83
612,傍林,2023-06-04 06:00,16.1,1.1,0,1009,87
612,傍林,2023-06-04 07:00,18,1.9,0,1008.9,81
612,傍林,2023-06-04 08:00,19.9,1.8,0,1008.9,73
612,傍林,2023-06-04 09:00,20.5,2.7,0,1009.3,68
612,傍林,2023-06-04 10:00,22.3,2.3,0,1008.9,56
612,傍林,2023-06-04 11:00,24.8,1.7,0,1008.6,50
612,傍林,2023-06-04 12:00,26.1,2.1,0,1008.5,48
612,傍林,2023-06-04 13:00,27.9,2.5,0,1008.3,35
612,傍林,2023-06-04 14:00,28.1,2.7,0,1007.6,28
612,傍林,2023-06-04 15:00,27.8,2.4,0,1006.9,28
612,傍林,2023-06-04 16:00,27.4,1.6,0,1005.9,28
612,傍林,2023-06-04 17:00,27.6,1.9,0,1005.9,32
612,傍林,2023-06-04 18:00,26.5,2.1,0,1006.2,34
612,傍林,2023-06-04 19:00,24.3,2.7,0,1007,51
612,傍林,2023-06-04 20:00,22.8,1.7,0,1007.7,52
612,傍林,2023-06-04 21:00,21,1,0,1008.2,55
612,傍林,2023-06-04 22:00,20.8,2.3,0,1008.7,58
612,傍林,2023-06-04 23:00,19.7,1.3,0,1009,66
612,傍林,2023-06-05 00:00,19.1,1.6,0,1009,73
612,傍林,2023-06-05 01:00,18.7,1.9,0,1009.2,76
612,傍林,2023-06-05 02:00,17.9,.2,0,1009.1,84
612,傍林,2023-06-05 03:00,17.5,1.1,0,1009.2,87
612,傍林,2023-06-05 04:00,17.3,1.1,0,1009.1,91
612,傍林,2023-06-05 05:00,17.2,1.4,0,1009.1,95
612,傍林,2023-06-05 06:00,17.8,1.4,0,1009.2,90
612,傍林,2023-06-05 07:00,19,1.8,0,1009.3,84
612,傍林,2023-06-05 08:00,19.5,1.8,0,1009.5,82
612,傍林,2023-06-05 09:00,20.7,2.2,0,1009.7,76
612,傍林,2023-06-05 10:00,22.8,2.9,0,1009.5,61
612,傍林,2023-06-05 11:00,24.1,3,0,1009.4,51
612,傍林,2023-06-05 12:00,25.5,3.8,0,1009.1,46
612,傍林,2023-06-05 13:00,25.6,2.9,0,1008.8,45
612,傍林,2023-06-05 14:00,26,3.9,0,1008,42
612,傍林,2023-06-05 15:00,26,3.6,0,1007.7,44
612,傍林,2023-06-05 16:00,25.5,2.8,0,1007.3,45
612,傍林,2023-06-05 17:00,25,3,0,1007.3,44
612,傍林,2023-06-05 18:00,24.4,3.6,0,1007.1,49
612,傍林,2023-06-05 19:00,23,2.8,0,1007.6,53
612,傍林,2023-06-05 20:00,20.5,1.5,0,1007.9,63
612,傍林,2023-06-05 21:00,20,.7,0,1008.2,65
612,傍林,2023-06-05 22:00,17.8,0,0,1008.9,77
612,傍林,2023-06-05 23:00,17.3,0,0,1008.7,81
612,傍林,2023-06-06 00:00,16.5,.4,0,1008.6,83
612,傍林,2023-06-06 01:00,15.8,.3,0,1008.1,88
612,傍林,2023-06-06 02:00,15.7,0,0,1007.4,91
612,傍林,2023-06-06 03:00,15.4,.5,0,1006.8,88
612,傍林,2023-06-06 04:00,14.3,0,0,1006.5,91
612,傍林,2023-06-06 05:00,14.6,.2,0,1006.5,94
612,傍林,2023-06-06 06:00,14.4,0,0,1006.3,95
612,傍林,2023-06-06 07:00,15.8,0,0,1006.1,90
612,傍林,2023-06-06 08:00,18.8,.1,0,1005.7,76
612,傍林,2023-06-06 09:00,20.6,1.1,0,1005.4,61
612,傍林,2023-06-06 10:00,22.5,1.3,0,1005.1,56
612,傍林,2023-06-06 11:00,23.5,1.9,0,1004.4,51
612,傍林,2023-06-06 12:00,24.8,1.1,0,1003.4,52
612,傍林,2023-06-06 13:00,25.9,1.1,0,1002.7,45
612,傍林,2023-06-06 14:00,26.9,1.4,0,1002.4,45
612,傍林,2023-06-06 15:00,26.5,1.9,0,1002,44
612,傍林,2023-06-06 16:00,27.5,2.6,0,1001.9,45
612,傍林,2023-06-06 17:00,26.1,3.6,0,1002,51
612,傍林,2023-06-06 18:00,24.3,3.5,0,1002.2,56
612,傍林,2023-06-06 19:00,22.9,1.9,0,1002.8,55
612,傍林,2023-06-06 20:00,20.9,1.3,0,1003.5,64
612,傍林,2023-06-06 21:00,19.4,.4,0,1004.4,72
612,傍林,2023-06-06 22:00,19.4,1.1,0,1005.5,70
612,傍林,2023-06-06 23:00,17.3,.3,0,1005.8,83
612,傍林,2023-06-07 00:00,16.4,1,0,1006.3,86
612,傍林,2023-06-07 01:00,17,1.1,0,1006.7,87
612,傍林,2023-06-07 02:00,16.7,1.3,0,1007,89
612,傍林,2023-06-07 03:00,17.1,.4,0,1006.9,88
612,傍林,2023-06-07 04:00,16.9,0,0,1006.6,89
612,傍林,2023-06-07 05:00,17.1,1,0,1006.7,89
612,傍林,2023-06-07 06:00,16.8,0,0,1007,91
612,傍林,2023-06-07 07:00,18.2,1.7,0,1007.3,87
612,傍林,2023-06-07 08:00,20.3,1.7,0,1007.4,80
612,傍林,2023-06-07 09:00,21.5,1.6,0,1007.2,68
612,傍林,2023-06-07 10:00,21.6,1.7,0,1007,67
612,傍林,2023-06-07 11:00,22.5,1.8,0,1006.6,63
612,傍林,2023-06-07 12:00,23.1,1.6,0,1006.5,65
612,傍林,2023-06-07 13:00,24.5,2.3,0,1006.2,63
612,傍林,2023-06-07 14:00,25.2,2.2,0,1005.6,59
612,傍林,2023-06-07 15:00,25.8,1.4,0,1005,58
612,傍林,2023-06-07 16:00,25.9,2,0,1004.8,58
612,傍林,2023-06-07 17:00,25.4,2.4,0,1004.6,56
612,傍林,2023-06-07 18:00,24.9,1.9,0,1004.3,59
612,傍林,2023-06-07 19:00,24,1.4,0,1004.5,65
612,傍林,2023-06-07 20:00,22.9,1.8,0,1005,66
612,傍林,2023-06-07 21:00,22,1.4,0,1005.3,65
612,傍林,2023-06-07 22:00,21,1.2,0,1005.7,71
612,傍林,2023-06-07 23:00,19.8,1.9,0,1005.6,82
612,傍林,2023-06-08 00:00,19,1.8,0,1005.2,87
612,傍林,2023-06-08 01:00,19.1,1.8,0,1005,88
612,傍林,2023-06-08 02:00,19,1.3,0,1004.6,90
612,傍林,2023-06-08 03:00,18.9,1.8,0,1004.2,91
612,傍林,2023-06-08 04:00,18.8,1.8,0,1004.2,89
612,傍林,2023-06-08 05:00,18.8,1.8,0,1004.2,88
612,傍林,2023-06-08 06:00,18.9,1.9,0,1004.7,88
612,傍林,2023-06-08 07:00,19.3,.6,0,1004.6,85
612,傍林,2023-06-08 08:00,20.2,1.2,0,1004.1,79
612,傍林,2023-06-08 09:00,21,2.7,0,1002.8,71
612,傍林,2023-06-08 10:00,21.8,1.9,0,1002.8,69
612,傍林,2023-06-08 11:00,23,2.1,0,1002.5,63
612,傍林,2023-06-08 12:00,24.5,2.3,0,1002.3,58
612,傍林,2023-06-08 13:00,25.3,1,0,1001.1,57
612,傍林,2023-06-08 14:00,26.4,2.2,0,999.4,54
612,傍林,2023-06-08 15:00,26,2.3,0,1000.2,54
612,傍林,2023-06-08 16:00,25.5,1.9,0,999.6,57
612,傍林,2023-06-08 17:00,24.5,2.1,0,998.9,63
612,傍林,2023-06-08 18:00,23.8,2.2,0,999.1,67
612,傍林,2023-06-08 19:00,22.8,2.3,0,1000,69
612,傍林,2023-06-08 20:00,22.1,1.8,0,1000,71
612,傍林,2023-06-08 21:00,21.5,1.1,0,1000.4,73
612,傍林,2023-06-08 22:00,19.6,.2,0,1001,82
612,傍林,2023-06-08 23:00,20.5,.9,0,1000.7,76
612,傍林,2023-06-09 00:00,18.8,.9,0,1000.4,91
612,傍林,2023-06-09 01:00,18.9,.8,0,999.9,91
612,傍林,2023-06-09 02:00,19.6,1.6,0,999.8,89
612,傍林,2023-06-09 03:00,19.6,2.1,0,1000.1,88
612,傍林,2023-06-09 04:00,19.4,2.4,0,1000.5,88
612,傍林,2023-06-09 05:00,19.1,1.5,0,1000.6,91
612,傍林,2023-06-09 06:00,19.3,1.5,0,1001.1,89
612,傍林,2023-06-09 07:00,19.8,1.6,0,1001.3,87
612,傍林,2023-06-09 08:00,20.9,1.1,0,1001.5,79
612,傍林,2023-06-09 09:00,23.2,.9,0,1001.2,65
612,傍林,2023-06-09 10:00,24.7,1,0,1001.2,57
612,傍林,2023-06-09 11:00,25.9,.9,0,1001.5,47
612,傍林,2023-06-09 12:00,26.4,1.7,0,1001.6,37
612,傍林,2023-06-09 13:00,26.8,1.4,0,1001.4,39
612,傍林,2023-06-09 14:00,28.2,1.5,0,1000.7,35
612,傍林,2023-06-09 15:00,28.7,1.9,0,1000,31
612,傍林,2023-06-09 16:00,28.5,1.5,0,1000,33
612,傍林,2023-06-09 17:00,28.8,.6,0,999.8,31
612,傍林,2023-06-09 18:00,27.9,1.6,0,999.7,35
612,傍林,2023-06-09 19:00,26.8,1.6,0,1000,42
612,傍林,2023-06-09 20:00,23.1,.2,0,1000.5,56
612,傍林,2023-06-09 21:00,21,0,0,1001.3,70
612,傍林,2023-06-09 22:00,19.3,0,0,1001.3,77
612,傍林,2023-06-09 23:00,18.8,0,0,1001.3,78
612,傍林,2023-06-10 00:00,17.9,.5,0,1002,84
612,傍林,2023-06-10 01:00,19,.6,0,1002.5,81
612,傍林,2023-06-10 02:00,18.4,.3,0,1002,83
612,傍林,2023-06-10 03:00,18.5,.4,0,1001.5,85
612,傍林,2023-06-10 04:00,18.8,.7,0,1001.8,85
612,傍林,2023-06-10 05:00,18.9,.1,0,1001.9,88
612,傍林,2023-06-10 06:00,18.7,0,0,1002.2,91
612,傍林,2023-06-10 07:00,19.7,.7,0,1002.1,87
612,傍林,2023-06-10 08:00,21.3,1.5,0,1002.5,78
612,傍林,2023-06-10 09:00,22.9,1.1,0,1002.8,68
612,傍林,2023-06-10 10:00,25.1,1.6,0,1002.3,60
612,傍林,2023-06-10 11:00,26.3,2,0,1002,49
612,傍林,2023-06-10 12:00,27.6,2.2,0,1001,43
612,傍林,2023-06-10 13:00,29.1,2,0,1001.3,40
612,傍林,2023-06-10 14:00,29.3,1.9,0,1001.3,38
612,傍林,2023-06-10 15:00,29.7,2.3,0,1000.9,40
612,傍林,2023-06-10 16:00,29.9,2.5,0,1000.4,42
612,傍林,2023-06-10 17:00,26.9,3.8,0,1000.6,46
612,傍林,2023-06-10 18:00,25.8,2.7,0,1001.3,48
612,傍林,2023-06-10 19:00,24.2,2.1,0,1001.9,56
612,傍林,2023-06-10 20:00,22.7,3,0,1001.8,66
612,傍林,2023-06-10 21:00,22.2,1.5,0,1002.3,67
612,傍林,2023-06-10 22:00,20.1,0,0,1002.6,77
612,傍林,2023-06-10 23:00,19.4,0,0,1002.5,81
612,傍林,2023-06-11 00:00,18,.1,0,1002.5,88
612,傍林,2023-06-11 01:00,18.3,.5,0,1002.7,89
612,傍林,2023-06-11 02:00,17.6,1,0,1002.3,90
612,傍林,2023-06-11 03:00,18.1,.7,0,1002.3,88
612,傍林,2023-06-11 04:00,18.3,1.4,0,1002.5,89
612,傍林,2023-06-11 05:00,18.4,0,0,1002.3,92
612,傍林,2023-06-11 06:00,18.9,1.2,0,1002.7,89
612,傍林,2023-06-11 07:00,19.7,1.1,0,1002.7,86
612,傍林,2023-06-11 08:00,20.9,2.2,0,1002.9,79
612,傍林,2023-06-11 09:00,23.4,1.2,0,1002.9,70
612,傍林,2023-06-11 10:00,25.9,.7,0,1002.5,59
612,傍林,2023-06-11 11:00,26.7,1.4,0,1002.1,58
612,傍林,2023-06-11 12:00,27.1,1.7,0,1001.8,55
612,傍林,2023-06-11 13:00,27.7,2.1,0,1001,48
612,傍林,2023-06-11 14:00,28.9,2,0,1000.5,52
612,傍林,2023-06-11 15:00,27.6,2.3,0,1000.3,56
612,傍林,2023-06-11 16:00,27,2.9,0,1000.5,60
612,傍林,2023-06-11 17:00,26.6,1.6,0,1000.3,59
612,傍林,2023-06-11 18:00,26.3,2.1,0,1000.5,60
612,傍林,2023-06-11 19:00,25.6,2.7,0,1001.2,61
612,傍林,2023-06-11 20:00,24.7,2.5,0,1001.9,64
612,傍林,2023-06-11 21:00,23,.6,0,1002.6,70
612,傍林,2023-06-11 22:00,21.3,.2,0,1003.3,78
612,傍林,2023-06-11 23:00,20,0,0,1003.5,85
612,傍林,2023-06-12 00:00,19.4,.1,0,1003.5,89
612,傍林,2023-06-12 01:00,18.5,.4,0,1003.5,91
612,傍林,2023-06-12 02:00,18.1,1,0,1003.5,92
612,傍林,2023-06-12 03:00,17.5,.8,0,1003.2,94
612,傍林,2023-06-12 04:00,16.7,.2,0,1003.3,96
612,傍林,2023-06-12 05:00,16.1,0,0,1004.1,96
612,傍林,2023-06-12 06:00,16.6,.6,0,1004.2,97
612,傍林,2023-06-12 07:00,18.3,.5,0,1004.5,89
612,傍林,2023-06-12 08:00,21.1,.2,0,1004.4,79
612,傍林,2023-06-12 09:00,23.2,.9,0,1004.3,65
612,傍林,2023-06-12 10:00,24,1.3,0,1003.7,58
612,傍林,2023-06-12 11:00,24.7,.7,0,1003.2,55
612,傍林,2023-06-12 12:00,25.9,1.1,0,1003,47
612,傍林,2023-06-12 13:00,27,1.8,0,1002.3,45
612,傍林,2023-06-12 14:00,28.2,.9,0,1001.4,41
612,傍林,2023-06-12 15:00,28.5,.7,0,1000.8,42
612,傍林,2023-06-12 16:00,29,1.3,0,1000.5,41
612,傍林,2023-06-12 17:00,26.7,2.5,0,1000.6,54
612,傍林,2023-06-12 18:00,25.2,1.2,0,1000.7,48
612,傍林,2023-06-12 19:00,23.9,1,0,1000.9,57
612,傍林,2023-06-12 20:00,21.9,.2,0,1001,70
612,傍林,2023-06-12 21:00,21.9,.3,0,1001.3,71
612,傍林,2023-06-12 22:00,21.4,0,0,1002.1,77
612,傍林,2023-06-12 23:00,20,0,0,1002,83
612,傍林,2023-06-13 00:00,20,.3,0,1002.5,86
612,傍林,2023-06-13 01:00,19.8,.5,0,1002.2,85
612,傍林,2023-06-13 02:00,17.9,0,0,1002.1,85
612,傍林,2023-06-13 03:00,17.8,.3,0,1002.2,91
612,傍林,2023-06-13 04:00,18.7,.5,0,1002.4,85
612,傍林,2023-06-13 05:00,18.4,.4,0,1002.3,86
612,傍林,2023-06-13 06:00,17.6,.4,0,1002.3,91
612,傍林,2023-06-13 07:00,19.1,.7,0,1002.4,83
612,傍林,2023-06-13 08:00,21.1,1.6,0,1002.6,76
612,傍林,2023-06-13 09:00,22.7,1.2,0,1002.2,66
612,傍林,2023-06-13 10:00,22.9,1.5,0,1001.8,62
612,傍林,2023-06-13 11:00,24.8,2.2,0,1001.8,52
612,傍林,2023-06-13 12:00,26.7,2.1,0,1001.5,39
612,傍林,2023-06-13 13:00,26.8,1.2,0,1001,43
612,傍林,2023-06-13 14:00,26.7,2.1,0,1000.5,45
612,傍林,2023-06-13 15:00,26.5,1.2,0,1000.2,50
612,傍林,2023-06-13 16:00,26.9,2.1,0,1000,46
612,傍林,2023-06-13 17:00,28.1,1.8,0,999.6,43
612,傍林,2023-06-13 18:00,25.8,3.7,0,1000.1,51
612,傍林,2023-06-13 19:00,23.6,2.2,0,1000.6,61
612,傍林,2023-06-13 20:00,22.5,.8,0,1001.4,65
612,傍林,2023-06-13 21:00,20.5,.5,0,1001.7,75
612,傍林,2023-06-13 22:00,20.2,2.3,0,1002.2,82
612,傍林,2023-06-13 23:00,18.3,.6,0,1002.2,90
612,傍林,2023-06-14 00:00,17.7,0,0,1001.9,91
612,傍林,2023-06-14 01:00,17.6,.2,0,1002,93
612,傍林,2023-06-14 02:00,16.7,.1,0,1002,95
612,傍林,2023-06-14 03:00,17,.8,0,1002.2,95
612,傍林,2023-06-14 04:00,16.4,.4,0,1002.5,96
612,傍林,2023-06-14 05:00,16,.7,0,1002.5,96
612,傍林,2023-06-14 06:00,16.5,.4,0,1003.2,96
612,傍林,2023-06-14 07:00,17.5,.8,0,1003.8,92
612,傍林,2023-06-14 08:00,19.2,1.1,0,1003.6,84
612,傍林,2023-06-14 09:00,21.9,1.3,0,1003.7,72
612,傍林,2023-06-14 10:00,23.3,1.2,0,1003.6,62
612,傍林,2023-06-14 11:00,25.1,1.3,0,1003.4,55
612,傍林,2023-06-14 12:00,26.1,1.2,0,1003,45
612,傍林,2023-06-14 13:00,27.6,1.4,0,1002.4,46
612,傍林,2023-06-14 14:00,27.9,1.5,0,1001.9,46
612,傍林,2023-06-14 15:00,27.3,1.6,0,1001.5,43
612,傍林,2023-06-14 16:00,27.3,2,0,1001.4,45
612,傍林,2023-06-14 17:00,27,2,0,1001.1,44
612,傍林,2023-06-14 18:00,26.7,1.8,0,1001.2,46
612,傍林,2023-06-14 19:00,24.8,1.9,0,1001.7,55
612,傍林,2023-06-14 20:00,22.5,.3,0,1002.7,64
612,傍林,2023-06-14 21:00,20.4,0,0,1003.8,73
612,傍林,2023-06-14 22:00,21.3,.6,0,1004.4,70
612,傍林,2023-06-14 23:00,19.4,.1,0,1004.8,76
612,傍林,2023-06-15 00:00,18.4,.3,0,1004.6,81
612,傍林,2023-06-15 01:00,17.2,0,0,1004.7,88
612,傍林,2023-06-15 02:00,16.9,.1,0,1004.9,90
612,傍林,2023-06-15 03:00,16.3,.5,0,1004.9,92
612,傍林,2023-06-15 04:00,16.2,.6,0,1005.1,93
612,傍林,2023-06-15 05:00,15.8,.5,0,1005.1,95
612,傍林,2023-06-15 06:00,16.1,0,0,1005.8,94
612,傍林,2023-06-15 07:00,17.5,0,0,1006.2,88
612,傍林,2023-06-15 08:00,19.7,.7,0,1005.9,81
612,傍林,2023-06-15 09:00,21.6,1,0,1005.9,70
612,傍林,2023-06-15 10:00,23.2,.9,0,1006.1,59
612,傍林,2023-06-15 11:00,23.7,1,0,1005.9,55
612,傍林,2023-06-15 12:00,26.3,1.3,0,1005.5,50
612,傍林,2023-06-15 13:00,26.7,.7,0,1004.9,47
612,傍林,2023-06-15 14:00,27.1,1.5,0,1004.4,45
612,傍林,2023-06-15 15:00,27.4,1.4,0,1004.1,43
612,傍林,2023-06-15 16:00,27.1,.7,0,1004.3,45
612,傍林,2023-06-15 17:00,27.3,1.3,0,1004.2,45
612,傍林,2023-06-15 18:00,26,2.9,0,1004.5,57
612,傍林,2023-06-15 19:00,25.2,1.7,0,1005.3,60
612,傍林,2023-06-15 20:00,23,.7,0,1006.1,67
612,傍林,2023-06-15 21:00,21.3,.2,0,1006.9,74
612,傍林,2023-06-15 22:00,20.5,.4,0,1007.3,76
612,傍林,2023-06-15 23:00,20.5,1.3,0,1007.9,77
612,傍林,2023-06-16 00:00,19.5,1.2,0,1008.7,83
612,傍林,2023-06-16 01:00,18.8,.3,0,1008.9,85
612,傍林,2023-06-16 02:00,17.4,.3,0,1009,92
612,傍林,2023-06-16 03:00,16.9,.8,0,1009.2,95
612,傍林,2023-06-16 04:00,16.4,.1,0,1009.6,94
612,傍林,2023-06-16 05:00,15.5,.2,0,1009.9,96
612,傍林,2023-06-16 06:00,16.2,.3,0,1010.4,96
612,傍林,2023-06-16 07:00,17.5,.9,0,1010.9,88
612,傍林,2023-06-16 08:00,19.6,1.1,0,1011.2,80
612,傍林,2023-06-16 09:00,21.9,1.1,0,1011.4,71
612,傍林,2023-06-16 10:00,24.9,.4,0,1011.3,53
612,傍林,2023-06-16 11:00,27,1,0,1011.3,48
612,傍林,2023-06-16 12:00,28.1,1,0,1010.8,43
612,傍林,2023-06-16 13:00,29.4,.6,0,1010,40
612,傍林,2023-06-16 14:00,29.6,.5,0,1009.4,37
612,傍林,2023-06-16 15:00,30.7,1.3,0,1008.9,36
612,傍林,2023-06-16 16:00,31,.9,0,1008.3,37
612,傍林,2023-06-16 17:00,31.3,1.9,0,1008.1,39
612,傍林,2023-06-16 18:00,30.7,1.1,0,1008.2,41
612,傍林,2023-06-16 19:00,28,1.5,0,1008.8,52
612,傍林,2023-06-16 20:00,25,.4,0,1009.5,60
612,傍林,2023-06-16 21:00,24,.9,0,1010.3,62
612,傍林,2023-06-16 22:00,21.8,.2,0,1010.9,72
612,傍林,2023-06-16 23:00,20.2,0,0,1011.2,77
612,傍林,2023-06-17 00:00,19.4,0,0,1011.5,83
612,傍林,2023-06-17 01:00,18.9,.1,0,1011.6,88
612,傍林,2023-06-17 02:00,19,.7,0,1011.8,86
612,傍林,2023-06-17 03:00,18.2,.8,0,1011.9,89
612,傍林,2023-06-17 04:00,17.2,.2,0,1012.1,94
612,傍林,2023-06-17 05:00,16.6,.1,0,1012.1,93
612,傍林,2023-06-17 06:00,16.6,0,0,1012.1,94
612,傍林,2023-06-17 07:00,18.8,1.2,0,1011.9,82
612,傍林,2023-06-17 08:00,21.8,.6,0,1011.8,78
612,傍林,2023-06-17 09:00,23.5,.4,0,1011.3,68
612,傍林,2023-06-17 10:00,25.9,.8,0,1011,52
612,傍林,2023-06-17 11:00,27.1,1,0,1010.3,40
612,傍林,2023-06-17 12:00,29.8,.8,0,1009.9,41
612,傍林,2023-06-17 13:00,30.3,1.2,0,1009.5,40
612,傍林,2023-06-17 14:00,30.8,1.2,0,1008.5,37
612,傍林,2023-06-17 15:00,31.7,2.5,0,1008.2,35
612,傍林,2023-06-17 16:00,30.7,1.5,0,1007.9,40
612,傍林,2023-06-17 17:00,29.8,1.6,0,1007.7,41
612,傍林,2023-06-17 18:00,28.1,2.4,0,1007.6,46
612,傍林,2023-06-17 19:00,26.7,.2,0,1008,52
612,傍林,2023-06-17 20:00,24.5,0,0,1007.7,57
612,傍林,2023-06-17 21:00,23.2,.2,0,1008.3,63
612,傍林,2023-06-17 22:00,22.5,.3,0,1008.8,67
612,傍林,2023-06-17 23:00,22,.5,0,1008.9,71
612,傍林,2023-06-18 00:00,21.9,1,0,1008.7,76
612,傍林,2023-06-18 01:00,20.4,1.2,0,1008.2,79
612,傍林,2023-06-18 02:00,19.6,0,0,1008,81
612,傍林,2023-06-18 03:00,19.3,0,0,1007.6,82
612,傍林,2023-06-18 04:00,18.5,.1,0,1007.4,84
612,傍林,2023-06-18 05:00,18.4,.6,0,1007,80
612,傍林,2023-06-18 06:00,18.3,0,0,1006.9,84
612,傍林,2023-06-18 07:00,19.3,1.2,0,1006.9,75
612,傍林,2023-06-18 08:00,20.4,1,0,1006.7,72
612,傍林,2023-06-18 09:00,23.3,.7,0,1006.1,56
612,傍林,2023-06-18 10:00,25.7,.8,0,1005.7,44
612,傍林,2023-06-18 11:00,26.8,1.2,0,1005.2,48
612,傍林,2023-06-18 12:00,29.1,1.8,0,1004.4,43
612,傍林,2023-06-18 13:00,29.6,2.2,0,1003.6,40
612,傍林,2023-06-18 14:00,31.2,1.5,0,1002.7,38
612,傍林,2023-06-18 15:00,32,1.6,0,1002,35
612,傍林,2023-06-18 16:00,32.8,.5,0,1001.5,35
612,傍林,2023-06-18 17:00,32.2,2.3,0,1001.3,35
612,傍林,2023-06-18 18:00,31.4,1.1,0,1001.5,37
612,傍林,2023-06-18 19:00,29.4,1.7,0,1001.9,42
612,傍林,2023-06-18 20:00,26.3,.4,0,1002.5,52
612,傍林,2023-06-18 21:00,24.9,.5,0,1002.8,56
612,傍林,2023-06-18 22:00,22.9,.4,0,1003.8,64
612,傍林,2023-06-18 23:00,21.3,0,0,1003.9,69
612,傍林,2023-06-19 00:00,20.9,.1,0,1004.1,73
612,傍林,2023-06-19 01:00,19.7,.3,0,1004.1,77
612,傍林,2023-06-19 02:00,19.7,.6,0,1004.3,81
612,傍林,2023-06-19 03:00,18.8,.4,0,1004.1,83
612,傍林,2023-06-19 04:00,18.8,.8,0,1003.8,86
612,傍林,2023-06-19 05:00,17.4,0,0,1003.9,90
612,傍林,2023-06-19 06:00,18.4,.6,0,1004.4,88
612,傍林,2023-06-19 07:00,20.8,.3,0,1004.5,81
612,傍林,2023-06-19 08:00,23.2,.6,0,1004.4,68
612,傍林,2023-06-19 09:00,26.9,1.4,0,1004.5,58
612,傍林,2023-06-19 10:00,29.1,2.7,0,1004.3,50
612,傍林,2023-06-19 11:00,30.1,2.9,0,1003.7,41
612,傍林,2023-06-19 12:00,31,3.7,0,1002.8,40
612,傍林,2023-06-19 13:00,32.2,3.2,0,1001.9,40
612,傍林,2023-06-19 14:00,31.8,3,0,1001.7,40
612,傍林,2023-06-19 15:00,33.1,2.7,0,1001.1,40
612,傍林,2023-06-19 16:00,32.7,2.6,0,1000.8,42
612,傍林,2023-06-19 17:00,31.9,3.4,0,1000.9,43
612,傍林,2023-06-19 18:00,31.2,1.6,0,1001.4,46
612,傍林,2023-06-19 19:00,30.7,1.5,0,1002,48
612,傍林,2023-06-19 20:00,28.9,2.6,0,1002.5,57
612,傍林,2023-06-19 21:00,26.1,2.5,0,1003.3,60
612,傍林,2023-06-19 22:00,24.7,.6,0,1003.3,62
612,傍林,2023-06-19 23:00,23.7,.4,0,1003.4,68
612,傍林,2023-06-20 00:00,22.3,.3,0,1003.7,74
612,傍林,2023-06-20 01:00,21.8,1.8,0,1003.3,78
612,傍林,2023-06-20 02:00,22.4,1.9,0,1002.7,71
612,傍林,2023-06-20 03:00,23,2.1,0,1002.1,61
612,傍林,2023-06-20 04:00,22.5,2.8,0,1002.2,61
612,傍林,2023-06-20 05:00,21.6,1.4,0,1002.7,63
612,傍林,2023-06-20 06:00,21.7,2.2,0,1002.6,63
612,傍林,2023-06-20 07:00,22.2,1.9,0,1002.8,65
612,傍林,2023-06-20 08:00,23.4,2.8,0,1002.8,57
612,傍林,2023-06-20 09:00,24.6,3,0,1002.3,54
612,傍林,2023-06-20 10:00,26,2.2,0,1002.4,52
612,傍林,2023-06-20 11:00,26.7,1.8,0,1002.6,47
612,傍林,2023-06-20 12:00,25.9,1.7,0,1002.2,49
612,傍林,2023-06-20 13:00,26.7,2.4,0,1001.7,47
612,傍林,2023-06-20 14:00,26.7,2.6,0,1001.3,51
612,傍林,2023-06-20 15:00,25.9,1.9,0,1001.1,54
612,傍林,2023-06-20 16:00,25.6,3,0,1000.1,55
612,傍林,2023-06-20 17:00,26.3,2.4,0,999.6,52
612,傍林,2023-06-20 18:00,26.3,2.2,0,999.1,53
612,傍林,2023-06-20 19:00,24.2,1.5,0,999.8,65
612,傍林,2023-06-20 20:00,21.1,2,.5,1000.6,88
612,傍林,2023-06-20 21:00,20,1.3,7.5,1000,90
612,傍林,2023-06-20 22:00,19.3,.3,0,1000.2,94
612,傍林,2023-06-20 23:00,19.7,1.2,0,1000.1,93
612,傍林,2023-06-21 00:00,19.9,.5,0,1000.2,94
612,傍林,2023-06-21 01:00,19.6,.9,.5,999.5,96
612,傍林,2023-06-21 02:00,19.6,2,3.5,998.7,96
612,傍林,2023-06-21 03:00,19.6,1.3,5,998,97
612,傍林,2023-06-21 04:00,19.5,.5,3,998,97
612,傍林,2023-06-21 05:00,19.6,.7,.5,998.1,97
612,傍林,2023-06-21 06:00,19.8,.8,0,998.4,97
612,傍林,2023-06-21 07:00,19.9,.9,1,998.5,97
612,傍林,2023-06-21 08:00,20,.7,.5,998.6,97
612,傍林,2023-06-21 09:00,20,.9,0,998.6,97
612,傍林,2023-06-21 10:00,20.3,1.8,.5,998.1,97
612,傍林,2023-06-21 11:00,20.9,.7,.5,997.9,97
612,傍林,2023-06-21 12:00,21.4,.1,0,997.7,95
612,傍林,2023-06-21 13:00,21.4,.9,0,997.8,97
612,傍林,2023-06-21 14:00,21.7,.4,.5,997.3,96
612,傍林,2023-06-21 15:00,22.6,1.2,0,997.4,91
612,傍林,2023-06-21 16:00,22.5,2.4,.5,997.4,91
612,傍林,2023-06-21 17:00,22.9,2.4,0,997.6,85
612,傍林,2023-06-21 18:00,22.9,1.8,0,997.9,82
612,傍林,2023-06-21 19:00,22.2,1.7,0,998.5,84
612,傍林,2023-06-21 20:00,21.7,2.3,0,999,86
612,傍林,2023-06-21 21:00,21,1.7,0,999.6,86
612,傍林,2023-06-21 22:00,20.7,.7,0,1000,91
612,傍林,2023-06-21 23:00,20.6,2,0,1000.1,91
612,傍林,2023-06-22 00:00,20.4,.7,0,1000,93
612,傍林,2023-06-22 01:00,20.3,.7,0,1000.4,93
612,傍林,2023-06-22 02:00,20,1.3,0,1000.3,92
612,傍林,2023-06-22 03:00,19.7,1.1,0,1000.7,92
612,傍林,2023-06-22 04:00,19.5,2,0,1001.1,92
612,傍林,2023-06-22 05:00,19.3,1.1,0,1001.3,92
612,傍林,2023-06-22 06:00,19.4,1.5,0,1001.4,91
612,傍林,2023-06-22 07:00,19.9,1.3,0,1001.5,90
612,傍林,2023-06-22 08:00,20.3,1.6,0,1001.8,88
612,傍林,2023-06-22 09:00,21.8,1.5,0,1001.9,78
612,傍林,2023-06-22 10:00,24,2,0,1001.7,69
612,傍林,2023-06-22 11:00,23.8,2.3,0,1001.4,67
612,傍林,2023-06-22 12:00,25.6,2.3,0,1000.8,60
612,傍林,2023-06-22 13:00,26.3,2.2,0,1000.3,58
612,傍林,2023-06-22 14:00,28,1.8,0,1000,54
612,傍林,2023-06-22 15:00,26.7,2.8,0,1000,56
612,傍林,2023-06-22 16:00,26.1,2.5,0,1000.2,59
612,傍林,2023-06-22 17:00,26.9,3,0,999.9,58
612,傍林,2023-06-22 18:00,25.7,2.6,0,1000.1,61
612,傍林,2023-06-22 19:00,24.1,3.4,0,1000.8,65
612,傍林,2023-06-22 20:00,22.7,2.3,0,1001.8,73
612,傍林,2023-06-22 21:00,22.3,1.7,0,1002.4,74
612,傍林,2023-06-22 22:00,21.5,1.9,0,1003.3,80
612,傍林,2023-06-22 23:00,20.5,1.9,0,1003.5,85
612,傍林,2023-06-23 00:00,20.2,.9,0,1003.8,87
612,傍林,2023-06-23 01:00,20.3,.4,0,1003.6,88
612,傍林,2023-06-23 02:00,20.4,1.2,0,1004.2,87
612,傍林,2023-06-23 03:00,20.3,1.2,0,1004.4,89
612,傍林,2023-06-23 04:00,19.3,.1,0,1004.4,93
612,傍林,2023-06-23 05:00,18.5,0,0,1004.7,96
612,傍林,2023-06-23 06:00,18.7,.2,0,1005.2,96
612,傍林,2023-06-23 07:00,20,.2,0,1005.7,91
612,傍林,2023-06-23 08:00,21.9,.3,0,1006,80
612,傍林,2023-06-23 09:00,23,.7,0,1006.4,76
612,傍林,2023-06-23 10:00,24.6,.8,0,1006.6,67
612,傍林,2023-06-23 11:00,26,.9,0,1006.5,63
612,傍林,2023-06-23 12:00,27.8,1.3,0,1006.5,55
612,傍林,2023-06-23 13:00,28.6,1.4,0,1006.1,50
612,傍林,2023-06-23 14:00,29.8,1.1,0,1005.6,45
612,傍林,2023-06-23 15:00,29.9,1.7,0,1005.2,45
612,傍林,2023-06-23 16:00,30.2,2.1,0,1005.1,48
612,傍林,2023-06-23 17:00,29.5,1.2,0,1005.5,50
612,傍林,2023-06-23 18:00,29.3,.8,0,1005.6,54
612,傍林,2023-06-23 19:00,27.6,.9,0,1006.2,65
612,傍林,2023-06-23 20:00,26.2,1.5,0,1007,70
612,傍林,2023-06-23 21:00,24.7,0,0,1007.9,80
612,傍林,2023-06-23 22:00,23.2,0,0,1008.5,87
612,傍林,2023-06-23 23:00,22.1,0,0,1008.7,90
612,傍林,2023-06-24 00:00,21.6,0,0,1009.5,93
612,傍林,2023-06-24 01:00,21.6,.1,0,1009.7,94
612,傍林,2023-06-24 02:00,21.1,0,0,1009.9,95
612,傍林,2023-06-24 03:00,20.7,0,0,1010.2,96
612,傍林,2023-06-24 04:00,20.2,0,0,1010.5,97
612,傍林,2023-06-24 05:00,19.8,0,0,1010.7,96
612,傍林,2023-06-24 06:00,20.1,0,0,1011.3,97
612,傍林,2023-06-24 07:00,21.6,.4,0,1011.8,90
612,傍林,2023-06-24 08:00,23.9,.5,0,1011.9,78
612,傍林,2023-06-24 09:00,25.4,1.1,0,1011.6,71
612,傍林,2023-06-24 10:00,26.6,1.4,0,1011.4,65
612,傍林,2023-06-24 11:00,27.9,1.3,0,1011.1,60
612,傍林,2023-06-24 12:00,29.1,1.5,0,1010.8,55
612,傍林,2023-06-24 13:00,29.1,1.8,0,1010.5,56
612,傍林,2023-06-24 14:00,31.6,1.5,0,1009.8,48
612,傍林,2023-06-24 15:00,31.9,1,0,1009.3,45
612,傍林,2023-06-24 16:00,31.8,1.8,0,1008.9,44
612,傍林,2023-06-24 17:00,31.8,2,0,1008.8,45
612,傍林,2023-06-24 18:00,31.1,.9,0,1008.7,48
612,傍林,2023-06-24 19:00,29.5,1.3,0,1009.3,54
612,傍林,2023-06-24 20:00,27.8,.7,0,1010,65
612,傍林,2023-06-24 21:00,26.8,.4,0,1010.8,68
612,傍林,2023-06-24 22:00,25.5,.9,0,1011.5,69
612,傍林,2023-06-24 23:00,24.2,1.3,0,1011.9,79
612,傍林,2023-06-25 00:00,23.4,1.1,0,1011.9,82
612,傍林,2023-06-25 01:00,22.3,0,0,1011.7,87
612,傍林,2023-06-25 02:00,21.7,1.6,0,1011.6,88
612,傍林,2023-06-25 03:00,20.7,.7,0,1011.3,92
612,傍林,2023-06-25 04:00,20.4,.1,0,1011,94
612,傍林,2023-06-25 05:00,20,1.2,0,1011.2,93
612,傍林,2023-06-25 06:00,19.7,0,0,1011.3,94
612,傍林,2023-06-25 07:00,21.4,.6,0,1011.3,88
612,傍林,2023-06-25 08:00,24,.6,0,1011.3,78
612,傍林,2023-06-25 09:00,25.4,2.1,0,1010.7,68
612,傍林,2023-06-25 10:00,27.5,1.3,0,1010,62
612,傍林,2023-06-25 11:00,28.4,2.3,0,1009.7,62
612,傍林,2023-06-25 12:00,28.7,2.6,0,1009.1,56
612,傍林,2023-06-25 13:00,30.3,3,0,1008.3,44
612,傍林,2023-06-25 14:00,30.6,2.9,0,1007.4,45
612,傍林,2023-06-25 15:00,31.2,3.8,0,1006.8,40
612,傍林,2023-06-25 16:00,31.3,3.5,0,1006.5,41
612,傍林,2023-06-25 17:00,30.3,2.7,0,1006.1,45
612,傍林,2023-06-25 18:00,29.6,3.3,0,1006.1,46
612,傍林,2023-06-25 19:00,28.7,2.5,0,1006.3,47
612,傍林,2023-06-25 20:00,27.9,1.6,0,1006.7,45
612,傍林,2023-06-25 21:00,26.8,.3,0,1006.9,48
612,傍林,2023-06-25 22:00,24.5,.5,0,1007.1,61
612,傍林,2023-06-25 23:00,25.2,1.8,0,1006.8,58
612,傍林,2023-06-26 00:00,24.8,2.1,0,1006.2,65
612,傍林,2023-06-26 01:00,24,.5,0,1005.6,72
612,傍林,2023-06-26 02:00,23.3,.5,0,1005.1,77
612,傍林,2023-06-26 03:00,21.7,.2,1,1004.6,90
612,傍林,2023-06-26 04:00,21.2,1.1,14,1004.3,97
612,傍林,2023-06-26 05:00,21.7,2.3,7.5,1004.1,96
612,傍林,2023-06-26 06:00,21.6,1,3.5,1004.5,98
612,傍林,2023-06-26 07:00,21.8,.6,.5,1004.9,98
612,傍林,2023-06-26 08:00,22.4,.4,0,1004.9,97
612,傍林,2023-06-26 09:00,24.9,1.7,0,1005,87
612,傍林,2023-06-26 10:00,24.8,2.4,.5,1004.8,84
612,傍林,2023-06-26 11:00,23.7,2.5,.5,1004.8,92
612,傍林,2023-06-26 12:00,23.4,1.4,9.5,1005.1,96
612,傍林,2023-06-26 13:00,24.1,1,0,1004.4,94
612,傍林,2023-06-26 14:00,25.4,2,0,1003.8,86
612,傍林,2023-06-26 15:00,25,1.8,0,1003.5,91
612,傍林,2023-06-26 16:00,25.4,2.4,0,1003.4,88
612,傍林,2023-06-26 17:00,25.7,1.9,0,1002.7,87
612,傍林,2023-06-26 18:00,25.5,1.9,.5,1002.7,90
612,傍林,2023-06-26 19:00,24.8,.9,5.5,1002.7,95
612,傍林,2023-06-26 20:00,24.9,1.3,0,1002.8,92
612,傍林,2023-06-26 21:00,25.3,2.7,0,1003.2,89
612,傍林,2023-06-26 22:00,24.6,2.6,0,1003.4,92
612,傍林,2023-06-26 23:00,24.6,2.3,.5,1003.5,90
612,傍林,2023-06-27 00:00,24.2,1.3,0,1002.7,92
612,傍林,2023-06-27 01:00,23.8,2.6,2,1002.9,94
612,傍林,2023-06-27 02:00,23.7,2.9,0,1003,93
612,傍林,2023-06-27 03:00,23.3,2.1,.5,1003.1,93
612,傍林,2023-06-27 04:00,23.3,2.6,0,1003.8,91
612,傍林,2023-06-27 05:00,22.7,2.4,0,1004.7,92
612,傍林,2023-06-27 06:00,22.3,1.8,0,1005.5,88
612,傍林,2023-06-27 07:00,22.7,1.8,0,1005.8,86
612,傍林,2023-06-27 08:00,23.2,1.8,0,1006.6,85
612,傍林,2023-06-27 09:00,24.4,2.3,0,1006.8,75
612,傍林,2023-06-27 10:00,25.3,1.9,0,1007,69
612,傍林,2023-06-27 11:00,26.6,1.8,0,1006.9,64
612,傍林,2023-06-27 12:00,27.8,1.8,0,1006.6,60
612,傍林,2023-06-27 13:00,27.7,2.6,0,1006.3,61
612,傍林,2023-06-27 14:00,28.7,2.2,0,1006.1,57
612,傍林,2023-06-27 15:00,29.3,2.4,0,1006,56
612,傍林,2023-06-27 16:00,29.8,2,0,1005.8,56
612,傍林,2023-06-27 17:00,30.1,2.4,0,1005.6,55
612,傍林,2023-06-27 18:00,29.1,2.6,0,1005.8,58
612,傍林,2023-06-27 19:00,27.9,2.6,0,1006.5,64
612,傍林,2023-06-27 20:00,26.6,2.2,0,1007,73
612,傍林,2023-06-27 21:00,25.4,1,0,1006.5,80
612,傍林,2023-06-27 22:00,25.2,1.1,0,1006.1,82
612,傍林,2023-06-27 23:00,24.6,1.4,0,1007.5,86
612,傍林,2023-06-28 00:00,24.6,0,0,1007,88
612,傍林,2023-06-28 01:00,25,1.5,0,1007.3,86
612,傍林,2023-06-28 02:00,22.1,1.9,0,1007.1,83
612,傍林,2023-06-28 03:00,21.9,1.2,0,1007.3,77
612,傍林,2023-06-28 04:00,21.3,.4,0,1006.9,81
612,傍林,2023-06-28 05:00,21.4,.9,0,1006.4,79
612,傍林,2023-06-28 06:00,20.9,1.4,0,1006.3,85
612,傍林,2023-06-28 07:00,21.8,2.4,0,1006.8,84
612,傍林,2023-06-28 08:00,22.5,1.4,0,1006.7,78
612,傍林,2023-06-28 09:00,24,2,0,1006.6,75
612,傍林,2023-06-28 10:00,24,2.5,0,1006.4,76
612,傍林,2023-06-28 11:00,25.5,2.3,0,1006.1,72
612,傍林,2023-06-28 12:00,25.5,2.4,0,1005.8,73
612,傍林,2023-06-28 13:00,25.5,2.2,0,1005.3,71
612,傍林,2023-06-28 14:00,25.8,1.5,0,1004.8,72
612,傍林,2023-06-28 15:00,25.4,1.3,0,1004.7,77
612,傍林,2023-06-28 16:00,25.4,1.7,0,1004.6,79
612,傍林,2023-06-28 17:00,25.5,1.3,0,1004.4,82
612,傍林,2023-06-28 18:00,25.3,1.4,0,1004.5,82
612,傍林,2023-06-28 19:00,25.3,1.1,0,1004.4,84
612,傍林,2023-06-28 20:00,24.8,.3,0,1004.3,88
612,傍林,2023-06-28 21:00,25,.6,0,1004.3,88
612,傍林,2023-06-28 22:00,24.9,1.2,0,1004.6,90
612,傍林,2023-06-28 23:00,25,.9,0,1004.4,90
612,傍林,2023-06-29 00:00,25,.9,0,1003.9,89
612,傍林,2023-06-29 01:00,24.8,1.3,0,1003.2,90
612,傍林,2023-06-29 02:00,24.6,1,0,1002.6,90
612,傍林,2023-06-29 03:00,24.5,.5,0,1002.5,91
612,傍林,2023-06-29 04:00,24.3,.1,0,1002.4,93
612,傍林,2023-06-29 05:00,24.4,.9,0,1002.6,91
612,傍林,2023-06-29 06:00,24.3,0,0,1002,92
612,傍林,2023-06-29 07:00,25.2,.2,0,1001.6,86
612,傍林,2023-06-29 08:00,25.3,.1,0,1001.5,88
612,傍林,2023-06-29 09:00,25.8,.9,0,1000.5,82
612,傍林,2023-06-29 10:00,25.3,.3,0,1001,88
612,傍林,2023-06-29 11:00,25,.1,1.5,1000.2,93
612,傍林,2023-06-29 12:00,24.4,.6,4.5,1000.3,96
612,傍林,2023-06-29 13:00,24.2,.7,5.5,998.7,95
612,傍林,2023-06-29 14:00,24.2,2,14,996.9,94
612,傍林,2023-06-29 15:00,22.9,2,14,996.5,96
612,傍林,2023-06-29 16:00,23.5,1.8,4,995.6,97
612,傍林,2023-06-29 17:00,24.5,2.6,1.5,995.8,95
612,傍林,2023-06-29 18:00,24.9,3.1,0,995.7,92
612,傍林,2023-06-29 19:00,25,1.9,0,995.9,91
612,傍林,2023-06-29 20:00,24.7,2.2,0,996.3,92
612,傍林,2023-06-29 21:00,24.3,2.1,0,996.8,93
612,傍林,2023-06-29 22:00,24,2.2,.5,997.3,94
612,傍林,2023-06-29 23:00,23.7,1.7,.5,997.4,96
612,傍林,2023-06-30 00:00,23.6,1.7,1,997.5,96
612,傍林,2023-06-30 01:00,23.6,2.6,3,997.3,95
612,傍林,2023-06-30 02:00,23.4,1.3,.5,996.9,96
612,傍林,2023-06-30 03:00,23.2,1.1,1,996.7,96
612,傍林,2023-06-30 04:00,23.1,0,0,996.5,98
612,傍林,2023-06-30 05:00,23.4,1,0,996.5,96
612,傍林,2023-06-30 06:00,23.2,.6,.5,996.7,96
612,傍林,2023-06-30 07:00,23.1,.5,1,996.8,98
612,傍林,2023-06-30 08:00,23.5,1.2,0,996.9,97
612,傍林,2023-06-30 09:00,24.3,1.1,0,997.3,90
612,傍林,2023-06-30 10:00,24.3,1,0,997.6,90
612,傍林,2023-06-30 11:00,24,.5,0,997.8,95
612,傍林,2023-06-30 12:00,25.2,1.6,.5,997.9,88
612,傍林,2023-06-30 13:00,25,1.6,0,997.7,87
612,傍林,2023-06-30 14:00,26.3,1.5,0,997.3,77
612,傍林,2023-06-30 15:00,26.5,1.5,0,996.8,79
612,傍林,2023-06-30 16:00,27.4,1.5,0,997,75
612,傍林,2023-06-30 17:00,26.7,1.3,0,997,80
612,傍林,2023-06-30 18:00,26.3,1.4,0,997.4,82
612,傍林,2023-06-30 19:00,26.4,1.2,0,997.9,80
612,傍林,2023-06-30 20:00,24.9,.2,0,998.4,90
612,傍林,2023-06-30 21:00,23.8,0,0,999,96
612,傍林,2023-06-30 22:00,23.4,.3,0,999.5,97
612,傍林,2023-06-30 23:00,23,0,0,1000.2,98
612,傍林,2023-07-01 00:00,23.2,.2,0,1000.4,98
612,傍林,2023-07-01 01:00,23.2,.4,0,1000.6,97
612,傍林,2023-07-01 02:00,23.1,0,0,1000.4,98
612,傍林,2023-07-01 03:00,22.8,.3,0,1000.2,98
612,傍林,2023-07-01 04:00,22.5,.7,0,1000.2,99
612,傍林,2023-07-01 05:00,22.1,0,0,1000.8,99
612,傍林,2023-07-01 06:00,22.7,.6,0,1001.6,99
612,傍林,2023-07-01 07:00,23,0,0,1001.9,98
612,傍林,2023-07-01 08:00,24.3,.8,0,1002.4,90
612,傍林,2023-07-01 09:00,25.1,1.3,0,1002.9,87
612,傍林,2023-07-01 10:00,25.3,1.4,0,1003.4,86
612,傍林,2023-07-01 11:00,26.9,.5,0,1003.8,78
612,傍林,2023-07-01 12:00,29.3,.8,0,1003.7,76
612,傍林,2023-07-01 13:00,29.6,1.2,0,1002.9,64
612,傍林,2023-07-01 14:00,31,1.2,0,1002.3,57
612,傍林,2023-07-01 15:00,31.2,1,0,1002.1,53
612,傍林,2023-07-01 16:00,31.8,1.2,0,1001.7,55
612,傍林,2023-07-01 17:00,33.1,.5,0,1001.8,49
612,傍林,2023-07-01 18:00,32.4,.2,0,1002.1,55
612,傍林,2023-07-01 19:00,28.2,.1,0,1002.6,75
612,傍林,2023-07-01 20:00,26.6,0,0,1003.3,82
612,傍林,2023-07-01 21:00,26.2,.6,0,1004,86
612,傍林,2023-07-01 22:00,25.9,.6,0,1004.7,89
612,傍林,2023-07-01 23:00,25.5,.9,0,1004.9,85
612,傍林,2023-07-02 00:00,24.9,.6,0,1005.1,87
612,傍林,2023-07-02 01:00,24.7,.5,0,1005.3,89
612,傍林,2023-07-02 02:00,24.6,.3,0,1005.3,88
612,傍林,2023-07-02 03:00,24.2,.4,0,1005.5,91
612,傍林,2023-07-02 04:00,23.8,0,0,1005.6,92
612,傍林,2023-07-02 05:00,23,0,0,1005.6,96
612,傍林,2023-07-02 06:00,23.1,.3,0,1005.8,95
612,傍林,2023-07-02 07:00,23.8,.4,0,1006.4,93
612,傍林,2023-07-02 08:00,24.5,.2,0,1006.9,87
612,傍林,2023-07-02 09:00,26,.7,0,1007,81
612,傍林,2023-07-02 10:00,26.9,1.3,0,1007,76
612,傍林,2023-07-02 11:00,29.1,.6,0,1006.4,65
612,傍林,2023-07-02 12:00,30.3,1,0,1006.4,63
612,傍林,2023-07-02 13:00,30.9,1.3,0,1005.4,62
612,傍林,2023-07-02 14:00,30.1,1.5,0,1005,62
612,傍林,2023-07-02 15:00,30.2,2.2,0,1004.2,62
612,傍林,2023-07-02 16:00,30.3,2.4,0,1003.9,62
612,傍林,2023-07-02 17:00,30.3,1.2,0,1003.5,66
612,傍林,2023-07-02 18:00,30.6,.6,0,1004.1,64
612,傍林,2023-07-02 19:00,28.6,.4,0,1004.2,75
612,傍林,2023-07-02 20:00,26.9,0,0,1004.6,85
612,傍林,2023-07-02 21:00,26.5,0,0,1005,88
612,傍林,2023-07-02 22:00,25.3,0,0,1005.5,92
612,傍林,2023-07-02 23:00,24.9,0,0,1005.6,93
612,傍林,2023-07-03 00:00,24.7,0,0,1005.3,94
612,傍林,2023-07-03 01:00,24.2,,0,1005.3,96
612,傍林,2023-07-03 02:00,23.9,.5,0,1004.7,96
612,傍林,2023-07-03 03:00,23.4,.5,0,1004.3,97
612,傍林,2023-07-03 04:00,23,1.3,0,1004.2,97
612,傍林,2023-07-03 05:00,22.7,0,0,1004.6,97
612,傍林,2023-07-03 06:00,23.1,0,0,1004.2,97
612,傍林,2023-07-03 07:00,23.4,1.9,0,1004.2,96
612,傍林,2023-07-03 08:00,24.8,1.9,0,1003.8,92
612,傍林,2023-07-03 09:00,26.8,2.5,0,1003.8,81
612,傍林,2023-07-03 10:00,28.6,2.5,0,1003.4,72
612,傍林,2023-07-03 11:00,29.8,2.3,0,1003.3,66
612,傍林,2023-07-03 12:00,30.6,2.7,0,1002.8,59
612,傍林,2023-07-03 13:00,31.3,1.3,0,1002.5,56
612,傍林,2023-07-03 14:00,32.6,1.2,0,1001.7,52
612,傍林,2023-07-03 15:00,32.3,1.1,0,1001,50
612,傍林,2023-07-03 16:00,32.4,1.5,0,1000.8,57
612,傍林,2023-07-03 17:00,32.2,1.9,0,1000.5,57
612,傍林,2023-07-03 18:00,31.6,1.1,0,1000.3,61
612,傍林,2023-07-03 19:00,29.5,.4,0,1000.7,74
612,傍林,2023-07-03 20:00,27.5,0,0,1000.7,84
612,傍林,2023-07-03 21:00,27,0,0,1001.1,89
612,傍林,2023-07-03 22:00,26.1,.1,0,1001.4,91
612,傍林,2023-07-03 23:00,25.9,1.2,0,1001.5,90
612,傍林,2023-07-04 00:00,25.6,1.5,0,1001.8,90
612,傍林,2023-07-04 01:00,25.7,.1,0,1001.7,89
612,傍林,2023-07-04 02:00,25.4,.1,0,1001.4,91
612,傍林,2023-07-04 03:00,25,0,0,1000.9,92
612,傍林,2023-07-04 04:00,24.7,0,0,1000.8,94
612,傍林,2023-07-04 05:00,24.4,0,0,1000.6,95
612,傍林,2023-07-04 06:00,24.8,0,0,1000.2,95
612,傍林,2023-07-04 07:00,25.4,0,0,1000.4,92
612,傍林,2023-07-04 08:00,26.1,,0,1000.2,84
612,傍林,2023-07-04 09:00,26.5,1.9,0,999.8,81
612,傍林,2023-07-04 10:00,25.2,1.3,0,999.6,91
612,傍林,2023-07-04 11:00,24.8,.8,.5,999.5,94
612,傍林,2023-07-04 12:00,25.1,1.2,0,999.1,86
612,傍林,2023-07-04 13:00,24.5,.7,1.5,999,94
612,傍林,2023-07-04 14:00,24.2,1.6,9,998.5,96
612,傍林,2023-07-04 15:00,24.4,.2,4.5,997.9,95
612,傍林,2023-07-04 16:00,24.7,0,1.5,997,96
612,傍林,2023-07-04 17:00,24.8,0,.5,996.2,97
612,傍林,2023-07-04 18:00,24.6,.3,2.5,995.9,97
612,傍林,2023-07-04 19:00,23.9,.8,19.5,995.3,98
612,傍林,2023-07-04 20:00,23.7,.4,4,995,98
612,傍林,2023-07-04 21:00,23.6,.6,8,994.8,98
612,傍林,2023-07-04 22:00,23.6,.6,2.5,994.3,99
612,傍林,2023-07-04 23:00,23.8,.3,2,993.5,98
612,傍林,2023-07-05 00:00,23.7,.4,1,992.5,99
612,傍林,2023-07-05 01:00,24,.9,4,991.5,98
612,傍林,2023-07-05 02:00,24.4,2.4,12,990.8,96
612,傍林,2023-07-05 03:00,24.4,2,3.5,990.7,96
612,傍林,2023-07-05 04:00,24.3,2.6,1,990.7,96
612,傍林,2023-07-05 05:00,23.6,2,.5,991.3,96
612,傍林,2023-07-05 06:00,23.4,1.8,0,991.6,93
612,傍林,2023-07-05 07:00,23,3.1,0,992.2,86
612,傍林,2023-07-05 08:00,22.8,3.2,0,992.9,86
612,傍林,2023-07-05 09:00,24.8,3.4,0,993.3,78
612,傍林,2023-07-05 10:00,23.2,2.2,0,993.6,82
612,傍林,2023-07-05 11:00,24.3,1.7,0,994,77
612,傍林,2023-07-05 12:00,26,2.2,0,993.8,71
612,傍林,2023-07-05 13:00,26.5,2.5,0,993.6,66
612,傍林,2023-07-05 14:00,27.1,2.4,0,993.3,63
612,傍林,2023-07-05 15:00,28.5,2.2,0,993,63
612,傍林,2023-07-05 16:00,28.1,2.9,0,993,61
612,傍林,2023-07-05 17:00,28.1,3.3,0,993.6,65
612,傍林,2023-07-05 18:00,26.4,3.2,0,994.1,68
612,傍林,2023-07-05 19:00,25.2,2.2,0,994.7,71
612,傍林,2023-07-05 20:00,24.2,1.9,0,995.4,77
612,傍林,2023-07-05 21:00,23.3,1.1,0,996.4,82
612,傍林,2023-07-05 22:00,23.1,2,0,996.9,86
612,傍林,2023-07-05 23:00,22.5,2,0,997.3,89
612,傍林,2023-07-06 00:00,22.2,1.8,0,997.7,91
612,傍林,2023-07-06 01:00,22.1,1.8,0,997.8,90
612,傍林,2023-07-06 02:00,21.9,2.1,0,997.7,90
612,傍林,2023-07-06 03:00,21.8,1.6,0,997.9,90
612,傍林,2023-07-06 04:00,21.4,1.2,0,998,92
612,傍林,2023-07-06 05:00,21.1,.7,0,998.3,92
612,傍林,2023-07-06 06:00,21,1,0,998.9,93
612,傍林,2023-07-06 07:00,22.4,1.3,0,999.5,86
612,傍林,2023-07-06 08:00,24.9,1.7,0,1000.1,75
612,傍林,2023-07-06 09:00,26.9,1.6,0,1000.2,61
612,傍林,2023-07-06 10:00,26.8,1.9,0,1000.2,60
612,傍林,2023-07-06 11:00,28.4,1.8,0,1000.2,58
612,傍林,2023-07-06 12:00,30.2,1.8,0,999.9,52
612,傍林,2023-07-06 13:00,30.3,2.5,0,999.6,50
612,傍林,2023-07-06 14:00,31.6,1.5,0,999.4,52
612,傍林,2023-07-06 15:00,31.8,2.3,0,999.1,43
612,傍林,2023-07-06 16:00,30.6,1.6,0,999.1,47
612,傍林,2023-07-06 17:00,30.1,1.4,0,998.8,45
612,傍林,2023-07-06 18:00,28.1,.2,0,998.9,64
612,傍林,2023-07-06 19:00,26.2,0,0,999.4,69
612,傍林,2023-07-06 20:00,24.6,0,0,1000,81
612,傍林,2023-07-06 21:00,23.7,0,0,1000.2,83
612,傍林,2023-07-06 22:00,23.4,.6,0,1001,81
612,傍林,2023-07-06 23:00,22.6,0,0,1000.4,87
612,傍林,2023-07-07 00:00,22.1,0,0,1000.6,89
612,傍林,2023-07-07 01:00,22.2,.5,0,1000.6,86
612,傍林,2023-07-07 02:00,21.6,.1,0,1000.4,88
612,傍林,2023-07-07 03:00,21.7,.2,0,1000.8,88
612,傍林,2023-07-07 04:00,21.4,0,0,1000.7,91
612,傍林,2023-07-07 05:00,21.1,0,0,1000.7,93
612,傍林,2023-07-07 06:00,21.2,.8,0,1000,92
612,傍林,2023-07-07 07:00,21.5,.8,0,1000.5,90
612,傍林,2023-07-07 08:00,23,.3,0,1000.6,87
612,傍林,2023-07-07 09:00,23.5,.6,0,1000.2,84
612,傍林,2023-07-07 10:00,24.9,.5,0,999.4,81
612,傍林,2023-07-07 11:00,25.3,.6,0,999.4,80
612,傍林,2023-07-07 12:00,24.5,.7,0,1000.2,90
612,傍林,2023-07-07 13:00,23.7,.8,1,999.5,92
612,傍林,2023-07-07 14:00,21.3,2.4,3,999.5,90
612,傍林,2023-07-07 15:00,20.7,2.7,5,999.2,94
612,傍林,2023-07-07 16:00,20.1,1.5,16,998.4,97
612,傍林,2023-07-07 17:00,20.1,1.8,13.5,998.2,97
612,傍林,2023-07-07 18:00,20.3,3.1,1.5,998.3,94
612,傍林,2023-07-07 19:00,20,2.1,4.5,998.6,96
612,傍林,2023-07-07 20:00,19.5,2.7,2.5,998.9,97
612,傍林,2023-07-07 21:00,19.3,2.9,2,999.4,96
612,傍林,2023-07-07 22:00,19.5,2.6,.5,999.8,94
612,傍林,2023-07-07 23:00,19.3,1.8,.5,999.9,97
612,傍林,2023-07-08 00:00,19.3,2,0,999.6,97
612,傍林,2023-07-08 01:00,19.4,2.2,.5,999.6,97
612,傍林,2023-07-08 02:00,19.5,.5,.5,999.5,98
612,傍林,2023-07-08 03:00,19.6,.8,0,999.1,98
612,傍林,2023-07-08 04:00,19.7,.6,0,999,98
612,傍林,2023-07-08 05:00,19.8,.6,0,999.2,98
612,傍林,2023-07-08 06:00,20,.8,0,999.6,98
612,傍林,2023-07-08 07:00,20.2,1,0,1000.3,98
612,傍林,2023-07-08 08:00,20.7,.3,0,1000.5,98
612,傍林,2023-07-08 09:00,21.5,.7,0,999.8,95
612,傍林,2023-07-08 10:00,22,.2,0,1000.1,95
612,傍林,2023-07-08 11:00,23.5,1.8,0,1000,88
612,傍林,2023-07-08 12:00,24.4,.8,0,999.7,87
612,傍林,2023-07-08 13:00,26.1,1.6,0,999.3,82
612,傍林,2023-07-08 14:00,27,1.3,0,998.7,77
612,傍林,2023-07-08 15:00,28.1,.4,0,998.7,71
612,傍林,2023-07-08 16:00,28.7,1.3,0,998.8,72
612,傍林,2023-07-08 17:00,29.5,2.1,0,998.6,68
612,傍林,2023-07-08 18:00,28.7,2.6,0,999,69
612,傍林,2023-07-08 19:00,27.9,1.7,0,1000,74
612,傍林,2023-07-08 20:00,26.7,1.4,0,1000.4,80
612,傍林,2023-07-08 21:00,24.8,0,0,1000.5,90
612,傍林,2023-07-08 22:00,25.7,1.6,0,1001.1,84
612,傍林,2023-07-08 23:00,24.3,0,0,1001.2,91
612,傍林,2023-07-09 00:00,24.7,.1,0,1001.3,91
612,傍林,2023-07-09 01:00,24.1,0,0,1001,94
612,傍林,2023-07-09 02:00,23.8,0,0,1000.8,96
612,傍林,2023-07-09 03:00,23.5,.8,0,1000.5,97
612,傍林,2023-07-09 04:00,23.1,0,0,1000.3,98
612,傍林,2023-07-09 05:00,23.3,0,0,1000.2,98
612,傍林,2023-07-09 06:00,23.4,0,0,1000.1,97
612,傍林,2023-07-09 07:00,23.9,0,0,1000,95
612,傍林,2023-07-09 08:00,24.5,.1,0,999.1,92
612,傍林,2023-07-09 09:00,25.5,.3,0,999.2,89
612,傍林,2023-07-09 10:00,26.1,.8,0,1000,88
612,傍林,2023-07-09 11:00,25.9,1.1,0,1000,90
612,傍林,2023-07-09 12:00,25.8,.3,.5,999.7,95
612,傍林,2023-07-09 13:00,28.6,3,.5,999.1,78
612,傍林,2023-07-09 14:00,28.2,2.6,.5,998.5,87
612,傍林,2023-07-09 15:00,29.5,3.2,0,998.3,73
612,傍林,2023-07-09 16:00,28.2,2.5,0,998.5,81
612,傍林,2023-07-09 17:00,29.5,2.3,0,998.9,72
612,傍林,2023-07-09 18:00,27.7,2.8,0,999.3,75
612,傍林,2023-07-09 19:00,26.9,1.8,0,999.6,77
612,傍林,2023-07-09 20:00,25.5,1.9,0,1000.2,86
612,傍林,2023-07-09 21:00,25.2,1.2,0,1000.9,91
612,傍林,2023-07-09 22:00,25.6,1.6,0,1001.9,89
612,傍林,2023-07-09 23:00,25.3,1.4,0,1001.5,90
612,傍林,2023-07-10 00:00,25.6,1.7,0,1001.2,91
612,傍林,2023-07-10 01:00,25.2,1.1,0,1000.9,91
612,傍林,2023-07-10 02:00,25,1.2,0,1000.6,94
612,傍林,2023-07-10 03:00,25.1,.3,0,1000,96
612,傍林,2023-07-10 04:00,23.7,2.5,9,999.9,91
612,傍林,2023-07-10 05:00,20.7,2.1,31,999.4,96
612,傍林,2023-07-10 06:00,21.4,.8,28,1000.2,98
612,傍林,2023-07-10 07:00,21.8,.5,0,1000.8,98
612,傍林,2023-07-10 08:00,22.8,.1,0,1001.5,97
612,傍林,2023-07-10 09:00,24.6,1.7,0,1001.4,92
612,傍林,2023-07-10 10:00,27.4,.1,0,1001.8,83
612,傍林,2023-07-10 11:00,28.5,1.4,0,1001.5,74
612,傍林,2023-07-10 12:00,29.5,1.2,0,1001,71
612,傍林,2023-07-10 13:00,29.8,2.8,0,1001,62
612,傍林,2023-07-10 14:00,30.2,2.7,0,1000.8,60
612,傍林,2023-07-10 15:00,30.3,3.5,0,1000.5,60
612,傍林,2023-07-10 16:00,30.8,2.3,0,1000.3,63
612,傍林,2023-07-10 17:00,29.2,3,0,1000.7,59
612,傍林,2023-07-10 18:00,28.7,2.3,0,1001.2,60
612,傍林,2023-07-10 19:00,27.8,1.7,0,1001.5,66
612,傍林,2023-07-10 20:00,26.7,1.6,0,1002.1,71
612,傍林,2023-07-10 21:00,24.7,0,0,1003.1,83
612,傍林,2023-07-10 22:00,23.5,0,0,1003.4,88
612,傍林,2023-07-10 23:00,22.6,0,0,1003.2,91
612,傍林,2023-07-11 00:00,22.5,0,0,1003.6,92
612,傍林,2023-07-11 01:00,22.1,.4,0,1002.9,96
612,傍林,2023-07-11 02:00,22.3,0,0,1003.1,95
612,傍林,2023-07-11 03:00,22.1,0,0,1002.6,95
612,傍林,2023-07-11 04:00,21.6,0,0,1002.5,97
612,傍林,2023-07-11 05:00,21.9,0,0,1002.8,97
612,傍林,2023-07-11 06:00,22.5,0,0,1003.6,95
612,傍林,2023-07-11 07:00,23.3,.3,0,1003.8,92
612,傍林,2023-07-11 08:00,23.3,.7,2,1004.2,93
612,傍林,2023-07-11 09:00,22.6,1.5,2,1004.5,95
612,傍林,2023-07-11 10:00,25,.9,0,1004.1,85
612,傍林,2023-07-11 11:00,23.8,1,2,1004.2,95
612,傍林,2023-07-11 12:00,23.6,.7,14.5,1003.4,98
612,傍林,2023-07-11 13:00,25.5,.3,.5,1002.6,88
612,傍林,2023-07-11 14:00,25.9,2.5,0,1002.5,83
612,傍林,2023-07-11 15:00,26.4,1.8,0,1002.2,83
612,傍林,2023-07-11 16:00,26.4,1.9,0,1001.7,81
612,傍林,2023-07-11 17:00,25.8,1.4,0,1001.8,80
612,傍林,2023-07-11 18:00,25.7,1.2,0,1001.7,80
612,傍林,2023-07-11 19:00,24.2,1.5,0,1002.4,90
612,傍林,2023-07-11 20:00,23.6,.8,0,1002.5,94
612,傍林,2023-07-11 21:00,23.4,.7,.5,1002.8,94
612,傍林,2023-07-11 22:00,23.2,.6,0,1003.1,96
612,傍林,2023-07-11 23:00,23.6,1.3,0,1003.1,96
612,傍林,2023-07-12 00:00,23.8,.5,0,1002.7,96
612,傍林,2023-07-12 01:00,24.2,.8,0,1002.5,94
612,傍林,2023-07-12 02:00,24,.6,0,1001.9,96
612,傍林,2023-07-12 03:00,23.7,0,0,1001.4,97
612,傍林,2023-07-12 04:00,23.8,0,0,1001.8,98
612,傍林,2023-07-12 05:00,24,0,0,1002,98
612,傍林,2023-07-12 06:00,24,0,0,1002.4,98
612,傍林,2023-07-12 07:00,24.1,.1,0,1002.9,97
612,傍林,2023-07-12 08:00,24.9,.5,0,1002.9,93
612,傍林,2023-07-12 09:00,25.4,.9,0,1003.4,91
612,傍林,2023-07-12 10:00,26.4,1.4,0,1003.1,86
612,傍林,2023-07-12 11:00,27.3,1.6,0,1002.9,80
612,傍林,2023-07-12 12:00,28,2.1,0,1002.7,74
612,傍林,2023-07-12 13:00,29.2,1.5,0,1002.1,70
612,傍林,2023-07-12 14:00,29.1,1.7,0,1001.7,72
612,傍林,2023-07-12 15:00,29.4,2.4,0,1001.7,72
612,傍林,2023-07-12 16:00,30.3,2.6,0,1001.5,67
612,傍林,2023-07-12 17:00,29.9,2.2,0,1001.5,70
612,傍林,2023-07-12 18:00,28.6,2.2,0,1001.9,73
612,傍林,2023-07-12 19:00,27.7,1.2,0,1002.4,79
612,傍林,2023-07-12 20:00,26.3,.8,0,1002.7,87
612,傍林,2023-07-12 21:00,25.6,.2,0,1003.3,91
612,傍林,2023-07-12 22:00,25.1,0,0,1003,94
612,傍林,2023-07-12 23:00,25.5,.4,0,1003.5,93
612,傍林,2023-07-13 00:00,25.4,.9,0,1003.6,93
612,傍林,2023-07-13 01:00,25.1,0,0,1003.5,95
612,傍林,2023-07-13 02:00,25.1,0,0,1003.4,96
612,傍林,2023-07-13 03:00,25.2,0,0,1003.1,96
612,傍林,2023-07-13 04:00,25.1,1.2,0,1002.4,96
612,傍林,2023-07-13 05:00,25,0,0,1002.6,97
612,傍林,2023-07-13 06:00,24.9,0,0,1002.7,97
612,傍林,2023-07-13 07:00,25.1,.1,.5,1002.8,98
612,傍林,2023-07-13 08:00,25.3,2.1,0,1002.9,84
612,傍林,2023-07-13 09:00,24.8,1.6,0,1003,90
612,傍林,2023-07-13 10:00,24.7,1,.5,1002.5,95
612,傍林,2023-07-13 11:00,25.2,1.2,4.5,1002.7,94
612,傍林,2023-07-13 12:00,25.5,2,1.5,1002.7,90
612,傍林,2023-07-13 13:00,25.7,1.2,.5,1002.1,90
612,傍林,2023-07-13 14:00,26,.1,0,1001.6,88
612,傍林,2023-07-13 15:00,26,.8,0,1001.5,88
612,傍林,2023-07-13 16:00,25.5,0,1.5,1001.2,95
612,傍林,2023-07-13 17:00,25.2,0,1,1000.4,96
612,傍林,2023-07-13 18:00,25.1,0,.5,999.9,98
612,傍林,2023-07-13 19:00,24.8,1.3,1.5,1000,98
612,傍林,2023-07-13 20:00,24.5,.2,1.5,999.8,97
612,傍林,2023-07-13 21:00,24.5,0,1.5,999.9,98
612,傍林,2023-07-13 22:00,24.7,1.9,3,1000.4,96
612,傍林,2023-07-13 23:00,25.5,2.1,2,999.1,91
612,傍林,2023-07-14 00:00,25.5,2.2,.5,998.2,92
612,傍林,2023-07-14 01:00,25.6,2.4,.5,997.2,91
612,傍林,2023-07-14 02:00,25.5,3.9,6,996.2,91
612,傍林,2023-07-14 03:00,24.8,2.7,15.5,996.4,97
612,傍林,2023-07-14 04:00,25,4.6,14,995.6,93
612,傍林,2023-07-14 05:00,24.6,3.3,20,996,97
612,傍林,2023-07-14 06:00,24.8,2.5,1,996.4,95
612,傍林,2023-07-14 07:00,24.6,2.6,3,996.9,95
612,傍林,2023-07-14 08:00,24.6,2.5,3.5,997,95
612,傍林,2023-07-14 09:00,24.6,2.1,.5,996.8,95
612,傍林,2023-07-14 10:00,24.5,1.9,5,996.8,96
612,傍林,2023-07-14 11:00,24.4,3.1,20.5,996.8,98
612,傍林,2023-07-14 12:00,24.2,1.8,28.5,997.3,98
612,傍林,2023-07-14 13:00,24.5,2.3,13.5,997.2,98
612,傍林,2023-07-14 14:00,24.6,2,13,995.9,98
612,傍林,2023-07-14 15:00,24.8,2.5,13.5,995.9,97
612,傍林,2023-07-14 16:00,25.1,2.4,1.5,995.8,96
612,傍林,2023-07-14 17:00,25,2.6,2,996.1,96
612,傍林,2023-07-14 18:00,23.9,3.4,12,996.5,95
612,傍林,2023-07-14 19:00,23.8,2.8,.5,996.4,94
612,傍林,2023-07-14 20:00,23.9,1.9,1,996.6,95
612,傍林,2023-07-14 21:00,24.3,1.7,.5,996.8,97
612,傍林,2023-07-14 22:00,24.5,1.4,2,997,97
612,傍林,2023-07-14 23:00,24.6,1.8,1.5,996.9,97
612,傍林,2023-07-15 00:00,24.3,2.2,12,997,98
612,傍林,2023-07-15 01:00,24.2,2.5,33.5,996.5,99
612,傍林,2023-07-15 02:00,24,1.5,39.5,996.7,99
612,傍林,2023-07-15 03:00,24,1.5,27,996.4,99
612,傍林,2023-07-15 04:00,24.1,1.9,17,996.1,99
612,傍林,2023-07-15 05:00,23.8,1.9,47,997.1,99
612,傍林,2023-07-15 06:00,24.1,1.2,18.5,996.6,99
612,傍林,2023-07-15 07:00,24,1.6,25,996.6,100
612,傍林,2023-07-15 08:00,24.3,3,17.5,996.8,99
612,傍林,2023-07-15 09:00,22.1,.3,13,998.3,98
612,傍林,2023-07-15 10:00,22.4,.7,9,998.9,98
612,傍林,2023-07-15 11:00,22.4,0,22,998.8,99
612,傍林,2023-07-15 12:00,23,0,3.5,998.7,99
612,傍林,2023-07-15 13:00,23.3,1.6,1.5,998.9,99
612,傍林,2023-07-15 14:00,24.6,2.3,0,998.6,97
612,傍林,2023-07-15 15:00,24.2,1.7,11,999,97
612,傍林,2023-07-15 16:00,23.3,1.4,10,999.3,98
612,傍林,2023-07-15 17:00,23.4,1.6,3,999.4,95
612,傍林,2023-07-15 18:00,23.4,1.9,0,998.8,92
612,傍林,2023-07-15 19:00,22.8,1,0,1000,95
612,傍林,2023-07-15 20:00,22.8,1.2,0,1000.7,94
612,傍林,2023-07-15 21:00,22.4,0,0,1001.7,97
612,傍林,2023-07-15 22:00,22.4,.8,0,1002.5,95
612,傍林,2023-07-15 23:00,22.3,.2,0,1002.4,98
612,傍林,2023-07-16 00:00,22.3,0,0,1002.4,98
612,傍林,2023-07-16 01:00,22.4,0,0,1002.9,98
612,傍林,2023-07-16 02:00,22.3,.3,0,1003,98
612,傍林,2023-07-16 03:00,22.4,.7,.5,1002.8,98
612,傍林,2023-07-16 04:00,22.6,1.4,0,1002.8,99
612,傍林,2023-07-16 05:00,22.8,0,0,1003,98
612,傍林,2023-07-16 06:00,22.9,.2,0,1003,96
612,傍林,2023-07-16 07:00,22.9,.2,0,1003.6,97
612,傍林,2023-07-16 08:00,23.6,0,.5,1003.8,96
612,傍林,2023-07-16 09:00,24,.8,0,1004.3,94
612,傍林,2023-07-16 10:00,24.4,1.1,0,1004.8,92
612,傍林,2023-07-16 11:00,24.6,1.6,0,1005.2,91
612,傍林,2023-07-16 12:00,25,.3,0,1005.5,91
612,傍林,2023-07-16 13:00,24.9,1.1,0,1005.6,91
612,傍林,2023-07-16 14:00,24.6,1.9,.5,1005.4,87
612,傍林,2023-07-16 15:00,25.6,1.3,0,1004.9,84
612,傍林,2023-07-16 16:00,26.4,1.8,0,1004.6,84
612,傍林,2023-07-16 17:00,27.1,1.7,0,1004.7,79
612,傍林,2023-07-16 18:00,26.2,1,0,1005.1,83
612,傍林,2023-07-16 19:00,25.3,.5,0,1005.5,90
612,傍林,2023-07-16 20:00,24.4,.3,0,1006,95
612,傍林,2023-07-16 21:00,24,.1,0,1006.7,97
612,傍林,2023-07-16 22:00,23.9,.8,0,1007.2,98
612,傍林,2023-07-16 23:00,23.6,.7,0,1007.5,98
612,傍林,2023-07-17 00:00,23.4,.1,0,1007.6,99
612,傍林,2023-07-17 01:00,23.5,.2,0,1007.7,99
612,傍林,2023-07-17 02:00,23.4,.1,0,1007.1,99
612,傍林,2023-07-17 03:00,23.5,0,0,1007.3,99
612,傍林,2023-07-17 04:00,23.4,.1,0,1007.3,99
612,傍林,2023-07-17 05:00,23.4,0,0,1007.7,99
612,傍林,2023-07-17 06:00,23.3,.1,0,1008.1,99
612,傍林,2023-07-17 07:00,23.4,.8,3.5,1008.6,99
612,傍林,2023-07-17 08:00,23.8,.1,3,1009.4,98
612,傍林,2023-07-17 09:00,24.5,.2,0,1009.3,97
612,傍林,2023-07-17 10:00,25.7,.8,0,1008.6,87
612,傍林,2023-07-17 11:00,27.5,1.2,0,1009.3,85
612,傍林,2023-07-17 12:00,28.1,1.6,0,1009.3,81
612,傍林,2023-07-17 13:00,29.3,2.1,0,1009,70
612,傍林,2023-07-17 14:00,28.9,2.5,0,1008.8,71
612,傍林,2023-07-17 15:00,30.2,2.2,0,1008.3,70
612,傍林,2023-07-17 16:00,30.3,2.6,0,1008,68
612,傍林,2023-07-17 17:00,29.5,1.9,0,1008,73
612,傍林,2023-07-17 18:00,27.8,1.3,0,1008.3,84
612,傍林,2023-07-17 19:00,26.1,2.8,1.5,1009.4,83
612,傍林,2023-07-17 20:00,24.8,1.2,.5,1009.7,90
612,傍林,2023-07-17 21:00,24.1,0,.5,1010,97
612,傍林,2023-07-17 22:00,24,.3,0,1010.7,98
612,傍林,2023-07-17 23:00,24,.3,0,1010.5,97
612,傍林,2023-07-18 00:00,23.9,.2,0,1010.7,97
612,傍林,2023-07-18 01:00,23.6,.1,0,1010.7,98
612,傍林,2023-07-18 02:00,23.6,.5,0,1010.7,98
612,傍林,2023-07-18 03:00,23.6,.2,0,1010.6,98
612,傍林,2023-07-18 04:00,23.5,.4,.5,1010.5,98
612,傍林,2023-07-18 05:00,23.5,.7,.5,1010.5,99
612,傍林,2023-07-18 06:00,23.4,0,1,1010.4,99
612,傍林,2023-07-18 07:00,23.6,0,2.5,1010.4,99
612,傍林,2023-07-18 08:00,23.8,.8,3,1010.6,98
612,傍林,2023-07-18 09:00,24.1,.4,2,1010.2,97
612,傍林,2023-07-18 10:00,24.6,1.5,1,1009.9,95
612,傍林,2023-07-18 11:00,24.3,1.3,4,1009.5,95
612,傍林,2023-07-18 12:00,22.8,1.2,6.5,1009.1,97
612,傍林,2023-07-18 13:00,22.4,1.4,19.5,1008.7,97
612,傍林,2023-07-18 14:00,22.8,1.6,11.5,1007.9,98
612,傍林,2023-07-18 15:00,22.8,3.1,11.5,1006.6,97
612,傍林,2023-07-18 16:00,22.7,2.2,2.5,1005.8,96
612,傍林,2023-07-18 17:00,22.9,1.9,2.5,1005.4,96
612,傍林,2023-07-18 18:00,23.2,3.3,.5,1004.7,94
612,傍林,2023-07-18 19:00,23.6,2.6,0,1004.5,91
612,傍林,2023-07-18 20:00,22.9,.7,0,1004.7,95
612,傍林,2023-07-18 21:00,22.6,1.4,0,1004.9,97
612,傍林,2023-07-18 22:00,22.8,.7,0,1005.2,98
612,傍林,2023-07-18 23:00,22.8,.5,0,1005.1,97
612,傍林,2023-07-19 00:00,22.6,0,0,1005,99
612,傍林,2023-07-19 01:00,22.2,0,0,1004.8,99
612,傍林,2023-07-19 02:00,21.9,0,0,1004.5,99
612,傍林,2023-07-19 03:00,21.7,.1,0,1004.6,99
612,傍林,2023-07-19 04:00,21.4,0,0,1004.4,99
612,傍林,2023-07-19 05:00,21.3,1,0,1004.9,100
612,傍林,2023-07-19 06:00,21.1,0,0,1005.2,100
612,傍林,2023-07-19 07:00,21.8,0,0,1005.5,100
612,傍林,2023-07-19 08:00,23.9,1.4,0,1005.7,92
612,傍林,2023-07-19 09:00,25.1,1.5,0,1005.5,85
612,傍林,2023-07-19 10:00,26.3,2.1,0,1005.3,81
612,傍林,2023-07-19 11:00,27.4,2.2,0,1005.1,74
612,傍林,2023-07-19 12:00,28.2,2.4,0,1004.9,70
612,傍林,2023-07-19 13:00,29.8,1.6,0,1004.6,63
612,傍林,2023-07-19 14:00,31.1,1.3,0,1004.2,58
612,傍林,2023-07-19 15:00,30.3,.3,0,1003.8,62
612,傍林,2023-07-19 16:00,31.6,1.4,0,1003.4,51
612,傍林,2023-07-19 17:00,31.4,1.2,0,1003.1,52
612,傍林,2023-07-19 18:00,30.9,1.2,0,1003,54
612,傍林,2023-07-19 19:00,27.6,.1,0,1003.2,78
612,傍林,2023-07-19 20:00,25.7,.6,0,1003.8,87
612,傍林,2023-07-19 21:00,24.6,.4,0,1004.4,91
612,傍林,2023-07-19 22:00,23.7,0,0,1005.1,93
612,傍林,2023-07-19 23:00,23,0,0,1005.5,95
612,傍林,2023-07-20 00:00,22.8,0,0,1005.6,96
612,傍林,2023-07-20 01:00,22,.2,0,1005.5,96
612,傍林,2023-07-20 02:00,21.9,1,0,1005.8,94
612,傍林,2023-07-20 03:00,21.4,.3,0,1006.1,98
612,傍林,2023-07-20 04:00,21.3,0,0,1006.4,98
612,傍林,2023-07-20 05:00,21.8,0,0,1006.6,97
612,傍林,2023-07-20 06:00,22.1,.6,0,1006.8,97
612,傍林,2023-07-20 07:00,22.7,.6,0,1006.8,96
612,傍林,2023-07-20 08:00,23.3,1.5,0,1006.9,94
612,傍林,2023-07-20 09:00,24.6,1.2,0,1006.8,87
612,傍林,2023-07-20 10:00,26.5,1.1,0,1006.5,78
612,傍林,2023-07-20 11:00,28.5,.3,0,1006.4,67
612,傍林,2023-07-20 12:00,30.1,1.2,0,1006.3,60
612,傍林,2023-07-20 13:00,30.6,.4,0,1006,60
612,傍林,2023-07-20 14:00,31.2,1.5,0,1005.5,56
612,傍林,2023-07-20 15:00,30.9,1.2,0,1005.4,57
612,傍林,2023-07-20 16:00,31.3,0,0,1005.1,60
612,傍林,2023-07-20 17:00,31.6,.1,0,1004.9,60
612,傍林,2023-07-20 18:00,28.8,0,0,1004.9,78
612,傍林,2023-07-20 19:00,28.3,0,0,1005.2,81
612,傍林,2023-07-20 20:00,26.3,0,0,1005.8,88
612,傍林,2023-07-20 21:00,25.7,0,0,1006.7,93
612,傍林,2023-07-20 22:00,24.9,0,0,1007.2,94
612,傍林,2023-07-20 23:00,24.7,0,0,1007.5,95
612,傍林,2023-07-21 00:00,24,0,0,1007.9,96
612,傍林,2023-07-21 01:00,24.1,.4,0,1008.2,97
612,傍林,2023-07-21 02:00,24,.1,0,1008.4,98
612,傍林,2023-07-21 03:00,23.7,0,0,1008.3,97
612,傍林,2023-07-21 04:00,23.8,.3,0,1008.4,96
612,傍林,2023-07-21 05:00,24,0,0,1008.7,96
612,傍林,2023-07-21 06:00,23.9,0,0,1008.8,97
612,傍林,2023-07-21 07:00,24.1,.8,0,1008.7,96
612,傍林,2023-07-21 08:00,24.9,.8,0,1009,93
612,傍林,2023-07-21 09:00,26,2.3,0,1009,85
612,傍林,2023-07-21 10:00,28,1.6,0,1009,76
612,傍林,2023-07-21 11:00,30.5,1.3,0,1008.9,68
612,傍林,2023-07-21 12:00,31.6,1.3,0,1008.6,63
612,傍林,2023-07-21 13:00,31.3,1.4,0,1008.6,62
612,傍林,2023-07-21 14:00,32.5,1,0,1008.4,57
612,傍林,2023-07-21 15:00,33.7,1,0,1007.9,53
612,傍林,2023-07-21 16:00,34,1.8,0,1007.6,45
612,傍林,2023-07-21 17:00,34.3,1.1,0,1007.3,46
612,傍林,2023-07-21 18:00,28,1.8,0,1007.7,73
612,傍林,2023-07-21 19:00,27.2,.1,0,1008.4,80
612,傍林,2023-07-21 20:00,26.2,1,0,1008.9,86
612,傍林,2023-07-21 21:00,26.2,0,0,1009.9,86
612,傍林,2023-07-21 22:00,25.8,1.2,0,1010.2,86
612,傍林,2023-07-21 23:00,25.3,0,0,1010.3,91
612,傍林,2023-07-22 00:00,24.4,.2,0,1010.1,93
612,傍林,2023-07-22 01:00,24.2,.2,0,1010.5,94
612,傍林,2023-07-22 02:00,23.6,.5,0,1010.3,97
612,傍林,2023-07-22 03:00,23.1,0,0,1009.8,97
612,傍林,2023-07-22 04:00,23,.3,0,1010.1,98
612,傍林,2023-07-22 05:00,23.6,1.3,0,1009.8,91
612,傍林,2023-07-22 06:00,23.1,.1,0,1010.2,92
612,傍林,2023-07-22 07:00,25.1,1.5,0,1010.3,77
612,傍林,2023-07-22 08:00,26.4,2.4,0,1009.9,70
612,傍林,2023-07-22 09:00,27.5,3.1,0,1009.7,63
612,傍林,2023-07-22 10:00,27.2,2.5,0,1009.4,64
612,傍林,2023-07-22 11:00,29.2,3.1,0,1009.3,58
612,傍林,2023-07-22 12:00,28.5,2,0,1009.2,62
612,傍林,2023-07-22 13:00,27.4,1.9,0,1008.9,70
612,傍林,2023-07-22 14:00,26.5,1.5,0,1009.3,76
612,傍林,2023-07-22 15:00,26.4,2.3,0,1008.7,80
612,傍林,2023-07-22 16:00,25.8,1,0,1008.4,79
612,傍林,2023-07-22 17:00,24.4,.3,0,1008,88
612,傍林,2023-07-22 18:00,23.9,.2,.5,1008.4,95
612,傍林,2023-07-22 19:00,23.6,0,.5,1008.8,95
612,傍林,2023-07-22 20:00,23.3,.2,.5,1009,97
612,傍林,2023-07-22 21:00,23.3,.6,0,1008.7,98
612,傍林,2023-07-22 22:00,23.4,0,0,1008.7,98
612,傍林,2023-07-22 23:00,23.3,.1,0,1008.5,98
612,傍林,2023-07-23 00:00,23.3,0,0,1008.4,98
612,傍林,2023-07-23 01:00,23.3,.1,0,1008.1,98
612,傍林,2023-07-23 02:00,23.4,.5,0,1007.3,98
612,傍林,2023-07-23 03:00,24,.3,0,1007,97
612,傍林,2023-07-23 04:00,25,.8,0,1006.3,89
612,傍林,2023-07-23 05:00,25.4,.9,0,1006,86
612,傍林,2023-07-23 06:00,26.8,2.4,0,1006.1,77
612,傍林,2023-07-23 07:00,26.9,2,0,1006.1,77
612,傍林,2023-07-23 08:00,25.2,1,1,1006.1,90
612,傍林,2023-07-23 09:00,24.2,.5,3,1006.1,97
612,傍林,2023-07-23 10:00,24.4,1.4,3,1006,97
612,傍林,2023-07-23 11:00,24.4,1.7,3,1006.4,97
612,傍林,2023-07-23 12:00,24.6,.7,6.5,1006.2,97
612,傍林,2023-07-23 13:00,24.8,.1,4,1005.9,98
612,傍林,2023-07-23 14:00,24.8,.3,2.5,1005.3,97
612,傍林,2023-07-23 15:00,24.7,.3,3.5,1004.9,97
612,傍林,2023-07-23 16:00,25.2,.2,2,1004.5,97
612,傍林,2023-07-23 17:00,25,.4,1,1004.5,97
612,傍林,2023-07-23 18:00,24.7,1,10.5,1004.4,98
612,傍林,2023-07-23 19:00,24.6,1,11.5,1004.3,98
612,傍林,2023-07-23 20:00,24.7,1.3,0,1004.3,94
612,傍林,2023-07-23 21:00,24.2,.4,2.5,1005,98
612,傍林,2023-07-23 22:00,24.3,.5,1,1005.4,98
612,傍林,2023-07-23 23:00,24.3,.5,1,1005.6,99
612,傍林,2023-07-24 00:00,24.3,.7,.5,1005.7,98
612,傍林,2023-07-24 01:00,23.7,.4,1.5,1005.2,98
612,傍林,2023-07-24 02:00,23.6,0,.5,1005,99
612,傍林,2023-07-24 03:00,23.7,.3,2.5,1005,99
612,傍林,2023-07-24 04:00,23.7,.6,0,1004.8,99
612,傍林,2023-07-24 05:00,23.8,0,.5,1005,99
612,傍林,2023-07-24 06:00,23.9,.5,1,1005.4,99
612,傍林,2023-07-24 07:00,24.1,.1,1.5,1006,100
612,傍林,2023-07-24 08:00,24.7,1.1,0,1006.3,95
612,傍林,2023-07-24 09:00,24.9,2.1,0,1006.4,91
612,傍林,2023-07-24 10:00,25.2,1.5,0,1006.5,91
612,傍林,2023-07-24 11:00,26.4,1.3,0,1006.4,85
612,傍林,2023-07-24 12:00,26.2,1,0,1006.2,83
612,傍林,2023-07-24 13:00,28.2,.9,0,1005.8,73
612,傍林,2023-07-24 14:00,28.7,1.1,0,1006,75
612,傍林,2023-07-24 15:00,28.2,2.4,0,1005.7,69
612,傍林,2023-07-24 16:00,30.7,1.6,0,1005.5,66
612,傍林,2023-07-24 17:00,28.6,1.6,0,1005.6,71
612,傍林,2023-07-24 18:00,29.2,1,0,1005.9,73
612,傍林,2023-07-24 19:00,27.5,.1,0,1005.7,81
612,傍林,2023-07-24 20:00,25.4,.6,0,1006.3,91
612,傍林,2023-07-24 21:00,25.2,0,0,1006.9,94
612,傍林,2023-07-24 22:00,24.8,0,0,1007.8,95
612,傍林,2023-07-24 23:00,24.6,0,0,1007.9,96
612,傍林,2023-07-25 00:00,24.7,0,0,1008,95
612,傍林,2023-07-25 01:00,24.6,.2,0,1007.8,96
612,傍林,2023-07-25 02:00,24.7,.4,0,1008.1,96
612,傍林,2023-07-25 03:00,24.7,.2,0,1008.3,96
612,傍林,2023-07-25 04:00,24.4,0,0,1008.5,98
612,傍林,2023-07-25 05:00,24.5,0,0,1009,98
612,傍林,2023-07-25 06:00,24.4,0,0,1009,98
612,傍林,2023-07-25 07:00,25.3,.7,0,1009.2,96
612,傍林,2023-07-25 08:00,26.1,1,0,1010,89
612,傍林,2023-07-25 09:00,26.5,1.2,0,1010.3,85
612,傍林,2023-07-25 10:00,26.5,2.3,0,1010.8,82
612,傍林,2023-07-25 11:00,26.8,2.6,0,1010.8,80
612,傍林,2023-07-25 12:00,25.8,2.7,0,1011.1,84
612,傍林,2023-07-25 13:00,26.6,1.7,0,1010.6,83
612,傍林,2023-07-25 14:00,28.2,2.7,0,1010.4,72
612,傍林,2023-07-25 15:00,28.6,.8,0,1009.9,75
612,傍林,2023-07-25 16:00,28.6,1.2,0,1009.4,76
612,傍林,2023-07-25 17:00,27.8,2.3,0,1009.8,72
612,傍林,2023-07-25 18:00,27.1,1.9,0,1009.8,80
612,傍林,2023-07-25 19:00,23.8,1.2,1,1010.2,90
612,傍林,2023-07-25 20:00,23.5,.7,1,1011,93
612,傍林,2023-07-25 21:00,23.2,0,2.5,1011.5,97
612,傍林,2023-07-25 22:00,23,.1,.5,1011.7,98
612,傍林,2023-07-25 23:00,23,.1,0,1012,98
612,傍林,2023-07-26 00:00,23,0,0,1012.2,98
612,傍林,2023-07-26 01:00,23,0,0,1012,99
612,傍林,2023-07-26 02:00,22.9,0,0,1012.1,99
612,傍林,2023-07-26 03:00,22.7,0,0,1012,99
612,傍林,2023-07-26 04:00,22.8,0,0,1012.3,99
612,傍林,2023-07-26 05:00,22.7,0,0,1012.4,99
612,傍林,2023-07-26 06:00,22.7,0,0,1012.6,99
612,傍林,2023-07-26 07:00,23.9,1.4,0,1012.8,97
612,傍林,2023-07-26 08:00,26.4,.6,0,1013.2,91
612,傍林,2023-07-26 09:00,26.9,.8,0,1013,84
612,傍林,2023-07-26 10:00,28.2,1.6,0,1012.5,78
612,傍林,2023-07-26 11:00,29.4,1.7,0,1012.2,72
612,傍林,2023-07-26 12:00,30.4,1.1,0,1011.6,73
612,傍林,2023-07-26 13:00,31.3,1.7,0,1011,65
612,傍林,2023-07-26 14:00,32.5,.7,0,1010.6,70
612,傍林,2023-07-26 15:00,26.2,3.8,.5,1011,86
612,傍林,2023-07-26 16:00,27.1,1.5,0,1011,81
612,傍林,2023-07-26 17:00,26.2,1.3,1,1011.2,89
612,傍林,2023-07-26 18:00,23.1,3.4,18.5,1012.3,96
612,傍林,2023-07-26 19:00,23.3,1,7.5,1011.9,97
612,傍林,2023-07-26 20:00,23.2,.3,0,1012.6,97
612,傍林,2023-07-26 21:00,23.2,.5,0,1013.1,97
612,傍林,2023-07-26 22:00,23.1,.1,0,1013.7,98
612,傍林,2023-07-26 23:00,23.1,.1,0,1013.3,99
612,傍林,2023-07-27 00:00,22.9,.5,0,1012.7,99
612,傍林,2023-07-27 01:00,22.8,.3,0,1012.2,99
612,傍林,2023-07-27 02:00,22.8,.1,0,1012.3,99
612,傍林,2023-07-27 03:00,22.6,0,0,1012.4,99
612,傍林,2023-07-27 04:00,23,0,0,1012.1,99
612,傍林,2023-07-27 05:00,23,.7,0,1012,99
612,傍林,2023-07-27 06:00,23,1.5,0,1012.2,98
612,傍林,2023-07-27 07:00,23.4,1.3,0,1012.6,98
612,傍林,2023-07-27 08:00,24.1,2.2,0,1012.7,94
612,傍林,2023-07-27 09:00,24.6,2.2,0,1013,91
612,傍林,2023-07-27 10:00,26,1.3,0,1012.8,86
612,傍林,2023-07-27 11:00,28.7,.4,0,1012.4,75
612,傍林,2023-07-27 12:00,30.2,1,0,1011.8,73
612,傍林,2023-07-27 13:00,31.1,1,0,1011.1,62
612,傍林,2023-07-27 14:00,32.1,1.3,0,1010.6,62
612,傍林,2023-07-27 15:00,32.5,2.1,0,1010.2,58
612,傍林,2023-07-27 16:00,32.8,1.1,0,1009.7,60
612,傍林,2023-07-27 17:00,32.7,1.8,0,1009.3,63
612,傍林,2023-07-27 18:00,31.9,1.9,0,1009.4,66
612,傍林,2023-07-27 19:00,30.9,1.2,0,1009.9,71
612,傍林,2023-07-27 20:00,25.1,2.9,.5,1011.1,78
612,傍林,2023-07-27 21:00,24,1,0,1011.9,91
612,傍林,2023-07-27 22:00,24,.5,0,1012.3,93
612,傍林,2023-07-27 23:00,23.9,0,0,1012.1,92
612,傍林,2023-07-28 00:00,23.4,0,0,1011.9,96
612,傍林,2023-07-28 01:00,23.1,0,0,1011.5,97
612,傍林,2023-07-28 02:00,23,.1,0,1011.5,97
612,傍林,2023-07-28 03:00,22.9,0,0,1011.5,98
612,傍林,2023-07-28 04:00,22.6,0,0,1011.3,98
612,傍林,2023-07-28 05:00,22.6,.1,0,1011.4,98
612,傍林,2023-07-28 06:00,22.9,0,0,1011.2,99
612,傍林,2023-07-28 07:00,23.6,.1,0,1011.8,98
612,傍林,2023-07-28 08:00,25.4,.4,0,1011.7,93
612,傍林,2023-07-28 09:00,26.6,1.9,0,1012.1,87
612,傍林,2023-07-28 10:00,29,1.5,0,1011.8,80
612,傍林,2023-07-28 11:00,30.2,1.5,0,1011.5,71
612,傍林,2023-07-28 12:00,31.4,.6,0,1011.3,61
612,傍林,2023-07-28 13:00,33,1.5,0,1011,57
612,傍林,2023-07-28 14:00,32.7,2.4,0,1010.6,55
612,傍林,2023-07-28 15:00,33.4,2.4,0,1010.2,53
612,傍林,2023-07-28 16:00,33.5,2.1,0,1009.7,55
612,傍林,2023-07-28 17:00,33.7,2.3,0,1009.7,57
612,傍林,2023-07-28 18:00,32.9,1.5,0,1009.5,57
612,傍林,2023-07-28 19:00,30.2,.7,0,1010,72
612,傍林,2023-07-28 20:00,27.9,0,0,1010.8,84
612,傍林,2023-07-28 21:00,27,0,0,1011.3,90
612,傍林,2023-07-28 22:00,26.6,.2,0,1012,91
612,傍林,2023-07-28 23:00,26.1,.2,0,1012.3,92
612,傍林,2023-07-29 00:00,25.9,.4,0,1012.4,94
